Washington 12-Month Period Average Precipitation,Value (Inches)
12-1895,35.76
01-1896,36.78
02-1896,38.89
03-1896,38.8
04-1896,40.02
05-1896,40.19
06-1896,40.88
07-1896,40.57
08-1896,41.45
09-1896,40.31
10-1896,42.92
11-1896,50.6
12-1896,49.17
01-1897,46.15
02-1897,47.33
03-1897,49.58
04-1897,47.13
05-1897,45.47
06-1897,47.04
07-1897,48.45
08-1897,47.93
09-1897,48.47
10-1897,48.3
11-1897,48.59
12-1897,50.58
01-1898,48.25
02-1898,48.67
03-1898,45.8
04-1898,45.89
05-1898,46.09
06-1898,45.82
07-1898,44.83
08-1898,44.84
09-1898,45.51
10-1898,45.59
11-1898,40.12
12-1898,35.08
01-1899,40.22
02-1899,41.42
03-1899,42.13
04-1899,44.38
05-1899,45.23
06-1899,44.1
07-1899,43.91
08-1899,46.08
09-1899,45.16
10-1899,47.07
11-1899,50.81
12-1899,52.08
01-1900,48.83
02-1900,45.89
03-1900,47.87
04-1900,46.24
05-1900,46.65
06-1900,47.79
07-1900,48.0
08-1900,46.62
09-1900,47.05
10-1900,48.44
11-1900,43.65
12-1900,45.41
01-1901,47.06
02-1901,48.66
03-1901,46.82
04-1901,48.22
05-1901,47.3
06-1901,46.73
07-1901,46.68
08-1901,45.53
09-1901,46.43
10-1901,42.4
11-1901,45.45
12-1901,42.06
01-1902,39.56
02-1902,42.47
03-1902,43.89
04-1902,44.1
05-1902,44.7
06-1902,43.71
07-1902,45.06
08-1902,45.47
09-1902,44.37
10-1902,44.47
11-1902,45.75
12-1902,50.51
01-1903,53.41
02-1903,46.43
03-1903,46.27
04-1903,44.56
05-1903,43.57
06-1903,44.9
07-1903,44.02
08-1903,44.73
09-1903,46.13
10-1903,46.96
11-1903,47.66
12-1903,42.65
01-1904,41.11
02-1904,47.43
03-1904,51.08
04-1904,51.64
05-1904,50.48
06-1904,49.8
07-1904,49.78
08-1904,48.93
09-1904,46.3
10-1904,45.99
11-1904,42.95
12-1904,45.44
01-1905,45.02
02-1905,39.35
03-1905,36.06
04-1905,34.45
05-1905,37.07
06-1905,39.02
07-1905,38.53
08-1905,38.79
09-1905,41.36
10-1905,44.09
11-1905,40.68
12-1905,39.66
01-1906,39.83
02-1906,41.71
03-1906,39.59
04-1906,39.24
05-1906,39.66
06-1906,38.91
07-1906,38.58
08-1906,38.29
09-1906,38.28
10-1906,37.42
11-1906,43.75
12-1906,45.7
01-1907,45.79
02-1907,46.46
03-1907,47.22
04-1907,49.35
05-1907,47.18
06-1907,45.95
07-1907,46.71
08-1907,47.97
09-1907,47.29
10-1907,43.8
11-1907,40.21
12-1907,40.24
01-1908,39.35
02-1908,38.51
03-1908,40.75
04-1908,40.57
05-1908,41.71
06-1908,41.08
07-1908,41.29
08-1908,40.79
09-1908,38.63
10-1908,41.82
11-1908,39.94
12-1908,37.31
01-1909,39.61
02-1909,41.17
03-1909,38.09
04-1909,36.46
05-1909,35.79
06-1909,35.77
07-1909,36.34
08-1909,35.53
09-1909,36.95
10-1909,36.11
11-1909,44.74
12-1909,44.44
01-1910,43.87
02-1910,43.62
03-1910,45.07
04-1910,46.29
05-1910,46.03
06-1910,46.35
07-1910,44.73
08-1910,44.85
09-1910,44.67
10-1910,46.1
11-1910,42.45
12-1910,43.17
01-1911,42.27
02-1911,39.19
03-1911,36.89
04-1911,35.81
05-1911,38.01
06-1911,37.9
07-1911,38.08
08-1911,38.41
09-1911,40.51
10-1911,36.84
11-1911,34.55
12-1911,33.92
01-1912,35.91
02-1912,37.72
03-1912,37.95
04-1912,39.23
05-1912,37.73
06-1912,38.6
07-1912,39.44
08-1912,41.87
09-1912,39.38
10-1912,42.11
11-1912,41.59
12-1912,43.63
01-1913,43.42
02-1913,41.02
03-1913,42.13
04-1913,41.16
05-1913,41.01
06-1913,42.26
07-1913,41.88
08-1913,39.33
09-1913,40.65
10-1913,40.78
11-1913,41.17
12-1913,37.28
01-1914,40.55
02-1914,42.05
03-1914,41.78
04-1914,43.08
05-1914,42.06
06-1914,40.84
07-1914,40.42
08-1914,39.84
09-1914,40.75
10-1914,41.13
11-1914,40.44
12-1914,39.82
01-1915,33.43
02-1915,33.44
03-1915,33.72
04-1915,33.73
05-1915,36.3
06-1915,35.18
07-1915,36.49
08-1915,36.47
09-1915,33.99
10-1915,34.15
11-1915,35.99
12-1915,42.21
01-1916,42.58
02-1916,46.31
03-1916,51.96
04-1916,51.7
05-1916,50.05
06-1916,51.39
07-1916,51.98
08-1916,52.29
09-1916,52.35
10-1916,49.61
11-1916,46.81
12-1916,43.36
01-1917,43.44
02-1917,39.32
03-1917,35.79
04-1917,38.12
05-1917,37.49
06-1917,37.41
07-1917,35.36
08-1917,35.08
09-1917,35.72
10-1917,34.84
11-1917,33.33
12-1917,43.05
01-1918,44.85
02-1918,47.28
03-1918,46.5
04-1918,42.4
05-1918,42.6
06-1918,40.86
07-1918,42.08
08-1918,43.85
09-1918,42.62
10-1918,47.1
11-1918,48.37
12-1918,40.15
01-1919,42.32
02-1919,42.63
03-1919,42.74
04-1919,44.94
05-1919,45.3
06-1919,45.5
07-1919,44.34
08-1919,42.89
09-1919,44.59
10-1919,41.37
11-1919,42.17
12-1919,40.36
01-1920,37.64
02-1920,32.46
03-1920,32.04
04-1920,32.52
05-1920,31.83
06-1920,32.95
07-1920,33.86
08-1920,35.16
09-1920,37.87
10-1920,41.08
11-1920,40.58
12-1920,43.87
01-1921,46.74
02-1921,51.84
03-1921,52.29
04-1921,51.92
05-1921,52.15
06-1921,52.27
07-1921,51.29
08-1921,50.41
09-1921,48.45
10-1921,47.66
11-1921,51.55
12-1921,49.14
01-1922,43.44
02-1922,40.59
03-1922,40.77
04-1922,40.23
05-1922,39.99
06-1922,38.23
07-1922,38.05
08-1922,39.03
09-1922,38.24
10-1922,37.4
11-1922,30.38
12-1922,32.71
01-1923,39.05
02-1923,38.41
03-1923,36.88
04-1923,36.35
05-1923,37.03
06-1923,39.13
07-1923,40.5
08-1923,40.0
09-1923,39.22
10-1923,38.7
11-1923,40.07
12-1923,39.13
01-1924,34.85
02-1924,38.35
03-1924,36.65
04-1924,35.83
05-1924,33.97
06-1924,32.77
07-1924,31.92
08-1924,31.61
09-1924,32.48
10-1924,34.78
11-1924,38.0
12-1924,36.95
01-1925,39.89
02-1925,39.79
03-1925,40.78
04-1925,41.72
05-1925,43.19
06-1925,43.2
07-1925,42.82
08-1925,42.44
09-1925,41.39
10-1925,37.54
11-1925,35.1
12-1925,35.48
01-1926,32.27
02-1926,32.45
03-1926,31.28
04-1926,30.3
05-1926,31.13
06-1926,30.83
07-1926,30.74
08-1926,32.22
09-1926,33.79
10-1926,36.32
11-1926,39.13
12-1926,38.23
01-1927,39.53
02-1927,39.82
03-1927,41.83
04-1927,42.44
05-1927,42.76
06-1927,43.24
07-1927,43.49
08-1927,42.84
09-1927,44.34
10-1927,44.95
11-1927,46.86
12-1927,45.67
01-1928,45.55
02-1928,40.63
03-1928,44.0
04-1928,45.95
05-1928,43.86
06-1928,43.83
07-1928,44.34
08-1928,43.07
09-1928,39.64
10-1928,38.63
11-1928,33.23
12-1928,34.16
01-1929,31.49
02-1929,31.75
03-1929,28.76
04-1929,27.77
05-1929,28.51
06-1929,29.75
07-1929,29.13
08-1929,29.36
09-1929,29.11
10-1929,26.81
11-1929,24.11
12-1929,26.0
01-1930,25.41
02-1930,30.22
03-1930,29.5
04-1930,28.92
05-1930,29.55
06-1930,28.64
07-1930,28.5
08-1930,28.3
09-1930,29.51
10-1930,31.21
11-1930,33.41
12-1930,28.86
01-1931,32.97
02-1931,29.98
03-1931,33.14
04-1931,33.12
05-1931,32.01
06-1931,34.21
07-1931,34.29
08-1931,34.21
09-1931,35.35
10-1931,35.95
11-1931,38.16
12-1931,43.33
01-1932,42.24
02-1932,44.66
03-1932,45.76
04-1932,46.95
05-1932,47.39
06-1932,44.16
07-1932,45.55
08-1932,46.24
09-1932,44.01
10-1932,44.04
11-1932,48.61
12-1932,47.78
01-1933,49.56
02-1933,47.7
03-1933,46.12
04-1933,43.53
05-1933,45.01
06-1933,46.02
07-1933,44.95
08-1933,45.02
09-1933,48.38
10-1933,49.96
11-1933,43.54
12-1933,53.43
01-1934,54.15
02-1934,51.99
03-1934,51.06
04-1934,51.69
05-1934,50.74
06-1934,49.9
07-1934,50.18
08-1934,49.85
09-1934,47.89
10-1934,48.47
11-1934,53.27
12-1934,43.57
01-1935,44.15
02-1935,45.09
03-1935,45.3
04-1935,45.26
05-1935,43.77
06-1935,44.57
07-1935,44.7
08-1935,44.71
09-1935,44.24
10-1935,40.73
11-1935,35.12
12-1935,32.67
01-1936,32.21
02-1936,34.64
03-1936,33.66
04-1936,33.38
05-1936,35.64
06-1936,37.99
07-1936,37.98
08-1936,37.93
09-1936,37.87
10-1936,36.14
11-1936,34.21
12-1936,36.95
01-1937,31.85
02-1937,32.96
03-1937,32.32
04-1937,36.97
05-1937,35.46
06-1937,36.61
07-1937,36.15
08-1937,37.01
09-1937,37.1
10-1937,39.49
11-1937,48.63
12-1937,49.88
01-1938,50.81
02-1938,48.5
03-1938,50.71
04-1938,47.36
05-1938,47.12
06-1938,42.94
07-1938,42.93
08-1938,41.88
09-1938,41.24
10-1938,41.97
11-1938,36.58
12-1938,33.76
01-1939,35.96
02-1939,37.09
03-1939,34.44
04-1939,32.86
05-1939,33.43
06-1939,34.35
07-1939,34.86
08-1939,34.95
09-1939,34.96
10-1939,34.09
11-1939,32.64
12-1939,35.86
01-1940,33.0
02-1940,36.55
03-1940,38.58
04-1940,40.89
05-1940,40.96
06-1940,39.56
07-1940,39.91
08-1940,39.87
09-1940,41.29
10-1940,43.97
11-1940,45.73
12-1940,42.22
01-1941,43.52
02-1941,37.21
03-1941,34.07
04-1941,33.08
05-1941,35.51
06-1941,37.45
07-1941,36.55
08-1941,38.53
09-1941,39.99
10-1941,37.46
11-1941,37.75
12-1941,40.06
01-1942,38.42
02-1942,39.44
03-1942,40.17
04-1942,40.14
05-1942,39.36
06-1942,40.25
07-1942,41.33
08-1942,39.32
09-1942,35.74
10-1942,35.65
11-1942,39.38
12-1942,38.65
01-1943,39.16
02-1943,39.61
03-1943,41.92
04-1943,43.06
05-1943,41.6
06-1943,40.46
07-1943,39.59
08-1943,40.37
09-1943,40.54
10-1943,42.38
11-1943,35.82
12-1943,32.65
01-1944,33.05
02-1944,32.82
03-1944,30.58
04-1944,30.41
05-1944,30.32
06-1944,29.99
07-1944,29.68
08-1944,28.94
09-1944,31.25
10-1944,28.13
11-1944,31.61
12-1944,30.3
01-1945,31.88
02-1945,34.01
03-1945,37.55
04-1945,37.19
05-1945,38.53
06-1945,37.65
07-1945,37.66
08-1945,37.71
09-1945,38.11
10-1945,39.91
11-1945,42.07
12-1945,46.33
01-1946,47.34
02-1946,47.18
03-1946,45.7
04-1946,45.53
05-1946,43.46
06-1946,45.96
07-1946,46.36
08-1946,46.32
09-1946,44.72
10-1946,45.47
11-1946,43.93
12-1946,43.68
01-1947,43.02
02-1947,41.31
03-1947,39.65
04-1947,39.7
05-1947,39.2
06-1947,39.12
07-1947,39.73
08-1947,39.8
09-1947,40.35
10-1947,44.51
11-1947,42.5
12-1947,41.79
01-1948,41.19
02-1948,44.04
03-1948,44.28
04-1948,45.46
05-1948,50.75
06-1948,50.67
07-1948,51.21
08-1948,52.62
09-1948,53.34
10-1948,47.55
11-1948,51.11
12-1948,53.45
01-1949,49.47
02-1949,51.57
03-1949,51.7
04-1949,49.35
05-1949,44.85
06-1949,42.5
07-1949,41.42
08-1949,40.18
09-1949,39.13
10-1949,39.91
11-1949,39.7
12-1949,38.69
01-1950,44.71
02-1950,42.92
03-1950,46.79
04-1950,48.54
05-1950,48.38
06-1950,49.62
07-1950,49.8
08-1950,50.32
09-1950,49.74
10-1950,54.26
11-1950,54.02
12-1950,54.17
01-1951,54.72
02-1951,54.63
03-1951,51.94
04-1951,49.39
05-1951,50.21
06-1951,49.4
07-1951,48.89
08-1951,48.87
09-1951,49.79
10-1951,48.25
11-1951,46.72
12-1951,45.45
01-1952,42.69
02-1952,39.18
03-1952,37.77
04-1952,38.73
05-1952,38.06
06-1952,39.22
07-1952,39.17
08-1952,38.71
09-1952,37.19
10-1952,31.62
11-1952,27.2
12-1952,27.81
01-1953,36.74
02-1953,37.19
03-1953,37.71
04-1953,38.82
05-1953,40.34
06-1953,40.21
07-1953,40.23
08-1953,41.2
09-1953,42.38
10-1953,44.67
11-1953,49.34
12-1953,50.84
01-1954,46.36
02-1954,48.27
03-1954,47.35
04-1954,47.41
05-1954,45.99
06-1954,46.37
07-1954,47.24
08-1954,47.58
09-1954,47.76
10-1954,47.27
11-1954,48.04
12-1954,45.22
01-1955,38.73
02-1955,37.2
03-1955,39.06
04-1955,40.55
05-1955,40.88
06-1955,39.68
07-1955,40.73
08-1955,38.8
09-1955,38.65
10-1955,42.97
11-1955,45.08
12-1955,48.92
01-1956,54.03
02-1956,54.04
03-1956,55.66
04-1956,51.91
05-1956,51.33
06-1956,52.84
07-1956,51.11
08-1956,52.52
09-1956,52.89
10-1956,52.17
11-1956,45.49
12-1956,42.98
01-1957,37.92
02-1957,39.01
03-1957,39.07
04-1957,40.83
05-1957,42.23
06-1957,41.15
07-1957,41.47
08-1957,41.04
09-1957,39.77
10-1957,37.43
11-1957,38.34
12-1957,39.2
01-1958,43.22
02-1958,44.08
03-1958,40.68
04-1958,42.93
05-1958,41.36
06-1958,41.42
07-1958,41.03
08-1958,40.4
09-1958,41.38
10-1958,41.21
11-1958,47.11
12-1958,46.37
01-1959,47.79
02-1959,45.34
03-1959,47.21
04-1959,45.89
05-1959,47.21
06-1959,47.12
07-1959,47.11
08-1959,47.65
09-1959,50.77
10-1959,51.24
11-1959,48.48
12-1959,46.77
01-1960,42.52
02-1960,43.94
03-1960,44.09
04-1960,44.65
05-1960,46.41
06-1960,45.47
07-1960,44.99
08-1960,45.97
09-1960,42.14
10-1960,41.8
11-1960,43.77
12-1960,42.38
01-1961,44.74
02-1961,49.68
03-1961,50.78
04-1961,49.98
05-1961,48.8
06-1961,48.96
07-1961,49.68
08-1961,48.75
09-1961,48.89
10-1961,48.94
11-1961,45.36
12-1961,48.75
01-1962,45.42
02-1962,37.98
03-1962,36.21
04-1962,36.59
05-1962,36.52
06-1962,36.62
07-1962,36.34
08-1962,37.35
09-1962,38.32
10-1962,38.43
11-1962,42.27
12-1962,40.23
01-1963,38.78
02-1963,41.3
03-1963,41.01
04-1963,41.41
05-1963,40.24
06-1963,40.6
07-1963,41.65
08-1963,40.72
09-1963,39.89
10-1963,40.12
11-1963,39.09
12-1963,39.34
01-1964,46.97
02-1964,43.92
03-1964,44.64
04-1964,43.15
05-1964,42.77
06-1964,43.94
07-1964,43.71
08-1964,44.37
09-1964,45.06
10-1964,42.72
11-1964,41.71
12-1964,45.11
01-1965,43.45
02-1965,46.0
03-1965,42.27
04-1965,43.03
05-1965,43.57
06-1965,41.68
07-1965,41.16
08-1965,41.41
09-1965,40.01
10-1965,40.42
11-1965,39.4
12-1965,36.52
01-1966,35.38
02-1966,33.61
03-1966,37.95
04-1966,36.17
05-1966,35.61
06-1966,36.64
07-1966,37.54
08-1966,36.06
09-1966,36.86
10-1966,38.14
11-1966,38.86
12-1966,41.66
01-1967,44.09
02-1967,44.97
03-1967,44.58
04-1967,46.15
05-1967,46.11
06-1967,45.79
07-1967,44.32
08-1967,43.84
09-1967,43.51
10-1967,47.82
11-1967,44.89
12-1967,42.82
01-1968,40.7
02-1968,42.95
03-1968,42.58
04-1968,41.83
05-1968,42.45
06-1968,43.35
07-1968,43.82
08-1968,46.98
09-1968,48.21
10-1968,45.27
11-1968,48.28
12-1968,49.96
01-1969,50.45
02-1969,47.96
03-1969,45.96
04-1969,47.47
05-1969,47.65
06-1969,46.76
07-1969,46.58
08-1969,43.74
09-1969,45.18
10-1969,42.46
11-1969,38.87
12-1969,37.23
01-1970,38.85
02-1970,38.58
03-1970,38.99
04-1970,39.28
05-1970,38.32
06-1970,37.7
07-1970,37.91
08-1970,37.78
09-1970,36.35
10-1970,37.44
11-1970,40.51
12-1970,42.24
01-1971,42.14
02-1971,43.07
03-1971,47.33
04-1971,45.62
05-1971,46.48
06-1971,48.09
07-1971,48.19
08-1971,48.67
09-1971,49.19
10-1971,49.15
11-1971,49.09
12-1971,48.85
01-1972,47.48
02-1972,50.61
03-1972,50.09
04-1972,51.85
05-1972,51.84
06-1972,51.47
07-1972,52.2
08-1972,52.7
09-1972,53.12
10-1972,50.73
11-1972,49.1
12-1972,49.94
01-1973,47.1
02-1973,41.68
03-1973,37.8
04-1973,35.07
05-1973,35.12
06-1973,34.75
07-1973,33.39
08-1973,32.52
09-1973,31.58
10-1973,34.73
11-1973,40.52
12-1973,41.42
01-1974,46.46
02-1974,50.17
03-1974,53.59
04-1974,55.92
05-1974,56.54
06-1974,56.11
07-1974,57.92
08-1974,57.79
09-1974,55.85
10-1974,52.76
11-1974,49.06
12-1974,47.29
01-1975,45.35
02-1975,45.25
03-1975,43.2
04-1975,41.79
05-1975,41.2
06-1975,41.26
07-1975,40.12
08-1975,43.05
09-1975,42.64
10-1975,48.97
11-1975,49.77
12-1975,50.92
01-1976,49.65
02-1976,49.7
03-1976,49.74
04-1976,49.97
05-1976,49.87
06-1976,49.8
07-1976,49.99
08-1976,49.76
09-1976,50.47
10-1976,44.92
11-1976,39.52
12-1976,33.18
01-1977,28.43
02-1977,25.82
03-1977,26.69
04-1977,25.38
05-1977,26.68
06-1977,26.41
07-1977,26.05
08-1977,25.81
09-1977,28.16
10-1977,28.98
11-1977,34.7
12-1977,41.56
01-1978,44.49
02-1978,45.22
03-1978,43.22
04-1978,45.79
05-1978,45.26
06-1978,45.42
07-1978,46.24
08-1978,45.96
09-1978,46.68
10-1978,44.93
11-1978,42.0
12-1978,35.99
01-1979,33.33
02-1979,36.89
03-1979,36.47
04-1979,35.35
05-1979,34.25
06-1979,33.91
07-1979,33.52
08-1979,32.44
09-1979,30.59
10-1979,34.13
11-1979,32.42
12-1979,38.2
01-1980,41.31
02-1980,39.92
03-1980,41.13
04-1980,41.63
05-1980,42.56
06-1980,43.97
07-1980,43.61
08-1980,43.38
09-1980,43.86
10-1980,40.78
11-1980,45.63
12-1980,44.74
01-1981,41.57
02-1981,41.79
03-1981,40.87
04-1981,41.82
05-1981,42.1
06-1981,43.34
07-1981,43.71
08-1981,43.0
09-1981,43.18
10-1981,46.85
11-1981,44.29
12-1981,43.8
01-1982,49.2
02-1982,50.34
03-1982,51.5
04-1982,51.1
05-1982,49.26
06-1982,47.24
07-1982,47.71
08-1982,48.37
09-1982,48.17
10-1982,47.8
11-1982,47.8
12-1982,47.39
01-1983,47.53
02-1983,46.73
03-1983,49.1
04-1983,47.64
05-1983,48.35
06-1983,49.36
07-1983,50.87
08-1983,51.32
09-1983,50.98
10-1983,48.21
11-1983,54.43
12-1983,51.83
01-1984,49.82
02-1984,47.8
03-1984,46.23
04-1984,47.52
05-1984,50.07
06-1984,50.69
07-1984,47.8
08-1984,46.94
09-1984,46.88
10-1984,49.12
11-1984,46.93
12-1984,46.97
01-1985,42.0
02-1985,41.07
03-1985,39.61
04-1985,38.6
05-1985,35.87
06-1985,34.71
07-1985,34.71
08-1985,34.9
09-1985,35.57
10-1985,37.66
11-1985,33.24
12-1985,29.99
01-1986,36.64
02-1986,39.17
03-1986,39.36
04-1986,39.51
05-1986,40.61
06-1986,39.48
07-1986,40.54
08-1986,39.91
09-1986,40.24
10-1986,36.52
11-1986,39.59
12-1986,41.63
01-1987,39.82
02-1987,37.0
03-1987,38.85
04-1987,38.65
05-1987,38.7
06-1987,38.68
07-1987,38.89
08-1987,39.22
09-1987,36.64
10-1987,34.44
11-1987,30.15
12-1987,34.39
01-1988,33.14
02-1988,32.42
03-1988,32.55
04-1988,34.2
05-1988,34.55
06-1988,35.52
07-1988,34.83
08-1988,34.65
09-1988,36.31
10-1988,38.44
11-1988,43.82
12-1988,39.95
01-1989,40.95
02-1989,41.51
03-1989,41.85
04-1989,40.63
05-1989,40.29
06-1989,39.45
07-1989,39.49
08-1989,40.73
09-1989,38.91
10-1989,39.66
11-1989,37.12
12-1989,36.56
01-1990,40.42
02-1990,43.35
03-1990,40.29
04-1990,40.29
05-1990,40.85
06-1990,42.65
07-1990,42.72
08-1990,42.99
09-1990,42.85
10-1990,45.87
11-1990,49.12
12-1990,50.91
01-1991,46.4
02-1991,45.63
03-1991,47.07
04-1991,48.78
05-1991,48.33
06-1991,47.99
07-1991,47.78
08-1991,47.77
09-1991,47.79
10-1991,43.29
11-1991,41.43
12-1991,40.48
01-1992,42.8
02-1992,41.41
03-1992,38.26
04-1992,37.9
05-1992,35.66
06-1992,35.27
07-1992,36.35
08-1992,35.29
09-1992,37.21
10-1992,38.01
11-1992,36.48
12-1992,37.13
01-1993,34.23
02-1993,31.31
03-1993,34.27
04-1993,35.18
05-1993,37.61
06-1993,38.32
07-1993,39.15
08-1993,39.21
09-1993,37.4
10-1993,36.66
11-1993,32.94
12-1993,33.68
01-1994,33.74
02-1994,38.18
03-1994,37.41
04-1994,35.14
05-1994,34.16
06-1994,33.48
07-1994,31.42
08-1994,30.98
09-1994,32.01
10-1994,35.79
11-1994,40.63
12-1994,42.51
01-1995,44.76
02-1995,44.24
03-1995,46.12
04-1995,46.29
05-1995,45.76
06-1995,45.79
07-1995,46.56
08-1995,47.77
09-1995,48.33
10-1995,47.83
11-1995,51.77
12-1995,51.08
01-1996,51.58
02-1996,54.53
03-1996,51.59
04-1996,54.12
05-1996,56.09
06-1996,55.09
07-1996,54.51
08-1996,53.51
09-1996,53.7
10-1996,54.55
11-1996,50.37
12-1996,54.95
01-1997,55.52
02-1997,51.52
03-1997,57.54
04-1997,55.94
05-1997,55.19
06-1997,56.94
07-1997,57.9
08-1997,58.36
09-1997,60.12
10-1997,61.05
11-1997,58.44
12-1997,51.07
01-1998,51.81
02-1998,52.74
03-1998,48.55
04-1998,46.21
05-1998,47.12
06-1998,45.83
07-1998,45.22
08-1998,44.34
09-1998,41.12
10-1998,37.11
11-1998,42.81
12-1998,48.61
01-1999,47.93
02-1999,53.22
03-1999,53.68
04-1999,53.5
05-1999,52.34
06-1999,52.59
07-1999,52.5
08-1999,53.6
09-1999,53.3
10-1999,54.03
11-1999,52.23
12-1999,49.3
01-2000,47.86
02-2000,42.21
03-2000,41.64
04-2000,42.47
05-2000,43.03
06-2000,43.31
07-2000,43.01
08-2000,42.1
09-2000,43.71
10-2000,43.15
11-2000,37.93
12-2000,34.21
01-2001,31.1
02-2001,28.9
03-2001,28.52
04-2001,29.49
05-2001,28.35
06-2001,28.69
07-2001,28.74
08-2001,29.77
09-2001,28.59
10-2001,30.26
11-2001,34.91
12-2001,39.16
01-2002,43.51
02-2002,45.66
03-2002,46.56
04-2002,46.53
05-2002,46.61
06-2002,45.94
07-2002,45.76
08-2002,44.64
09-2002,44.64
10-2002,40.68
11-2002,36.81
12-2002,36.51
01-2003,37.44
02-2003,35.7
03-2003,38.33
04-2003,38.94
05-2003,38.42
06-2003,37.13
07-2003,36.72
08-2003,36.7
09-2003,37.14
10-2003,42.82
11-2003,45.32
12-2003,43.47
01-2004,41.41
02-2004,42.12
03-2004,38.26
04-2004,35.77
05-2004,37.35
06-2004,38.46
07-2004,38.72
08-2004,41.64
09-2004,43.22
10-2004,40.71
11-2004,38.2
12-2004,37.65
01-2005,36.03
02-2005,33.94
03-2005,35.1
04-2005,37.12
05-2005,37.7
06-2005,38.1
07-2005,38.79
08-2005,36.07
09-2005,34.85
10-2005,35.19
11-2005,36.88
12-2005,38.64
01-2006,45.84
02-2006,48.3
03-2006,47.39
04-2006,46.95
05-2006,45.68
06-2006,45.88
07-2006,45.17
08-2006,44.86
09-2006,44.44
10-2006,42.1
11-2006,50.13
12-2006,50.26
01-2007,43.59
02-2007,44.63
03-2007,46.41
04-2007,45.61
05-2007,44.66
06-2007,44.11
07-2007,44.79
08-2007,45.31
09-2007,45.57
10-2007,47.82
11-2007,38.28
12-2007,40.24
01-2008,40.92
02-2008,39.96
03-2008,38.73
04-2008,38.89
05-2008,39.05
06-2008,39.25
07-2008,38.67
08-2008,40.1
09-2008,39.32
10-2008,37.62
11-2008,40.49
12-2008,37.39
01-2009,37.83
02-2009,36.16
03-2009,37.02
04-2009,37.39
05-2009,38.93
06-2009,38.01
07-2009,38.19
08-2009,36.92
09-2009,37.92
10-2009,41.13
11-2009,42.22
12-2009,39.9
01-2010,39.91
02-2010,41.31
03-2010,40.14
04-2010,41.52
05-2010,42.68
06-2010,45.0
07-2010,44.75
08-2010,44.63
09-2010,46.44
10-2010,45.16
11-2010,43.01
12-2010,47.32
01-2011,47.61
02-2011,48.32
03-2011,52.41
04-2011,53.04
05-2011,52.85
06-2011,51.01
07-2011,51.66
08-2011,51.12
09-2011,48.95
10-2011,48.0
11-2011,48.32
12-2011,43.82
01-2012,43.64
02-2012,44.31
03-2012,44.37
04-2012,43.63
05-2012,41.85
06-2012,44.34
07-2012,44.71
08-2012,44.61
09-2012,43.48
10-2012,46.61
11-2012,47.82
12-2012,52.87
01-2013,50.49
02-2013,48.49
03-2013,44.37
04-2013,44.67
05-2013,45.37
06-2013,43.7
07-2013,42.43
08-2013,43.93
09-2013,49.37
10-2013,44.27
11-2013,40.99
12-2013,35.68
01-2014,36.13
02-2014,39.65
03-2014,43.68
04-2014,43.23
05-2014,42.66
06-2014,42.13
07-2014,42.74
08-2014,42.61
09-2014,38.8
10-2014,43.44
11-2014,45.51
12-2014,48.8
01-2015,49.34
02-2015,47.36
03-2015,43.9
04-2015,41.94
05-2015,41.01
06-2015,39.75
07-2015,39.4
08-2015,39.26
09-2015,38.97
10-2015,37.14
11-2015,38.06
12-2015,43.25
01-2016,45.11
02-2016,45.89
03-2016,48.56
04-2016,48.34
05-2016,48.37
06-2016,49.73
07-2016,50.47
08-2016,49.5
09-2016,49.67
10-2016,55.78
11-2016,55.63
12-2016,49.14
01-2017,45.96
02-2017,48.05
03-2017,49.59
04-2017,52.87
05-2017,53.75
06-2017,53.47
07-2017,52.35
08-2017,52.13
09-2017,51.81
10-2017,46.58
11-2017,48.57
12-2017,48.73
01-2018,52.83
02-2018,50.05
03-2018,44.81
04-2018,45.4
05-2018,44.06
06-2018,43.87
07-2018,44.0
08-2018,44.21
09-2018,44.45
10-2018,43.04
11-2018,39.39
12-2018,41.32
01-2019,38.09
02-2019,37.78
03-2019,35.9
04-2019,33.93
05-2019,34.67
06-2019,34.36
07-2019,35.1
08-2019,35.69
09-2019,37.72
10-2019,37.86
11-2019,34.5
12-2019,33.06
01-2020,39.07
02-2020,39.91
03-2020,41.33
04-2020,39.2
05-2020,40.9
06-2020,42.24
07-2020,41.71
08-2020,41.22
09-2020,40.02
10-2020,40.22
11-2020,44.77
12-2020,45.25
01-2021,42.1
02-2021,42.91
03-2021,42.52
04-2021,42.14
05-2021,39.85
06-2021,38.87
07-2021,38.55
08-2021,38.78
09-2021,39.48
10-2021,40.74
11-2021,43.56
12-2021,43.87
01-2022,43.08
02-2022,40.54
03-2022,41.54
04-2022,45.04
05-2022,47.81
06-2022,50.02
07-2022,50.56
08-2022,50.09
09-2022,47.39
10-2022,44.88
11-2022,41.79
12-2022,42.4
01-2023,40.06
02-2023,40.2
03-2023,40.07
04-2023,39.77
05-2023,37.04
06-2023,34.32
07-2023,34.04
08-2023,34.75
09-2023,36.59
10-2023,36.48
11-2023,35.46
12-2023,35.82
01-2024,38.7
02-2024,39.41
03-2024,39.5
04-2024,37.55
05-2024,38.45
06-2024,39.58
07-2024,39.57
08-2024,40.02
09-2024,38.75
10-2024,39.64
11-2024,41.92
12-2024,42.38
01-2025,37.48
02-2025,38.26
03-2025,40.27
04-2025,39.97
05-2025,39.28
06-2025,37.69
07-2025,37.6
08-2025,37.39
09-2025,37.44
10-2025,38.49
11-2025,37.34
12-2025,40.23
01-2026,42.01
