Washington 12-Month Period Average Temperature,Value (Fahrenheit)
12-1895,45.2
01-1896,45.5
02-1896,45.6
03-1896,45.5
04-1896,45.2
05-1896,45.1
06-1896,45.0
07-1896,45.4
08-1896,45.5
09-1896,45.7
10-1896,45.7
11-1896,45.2
12-1896,45.4
01-1897,45.2
02-1897,44.9
03-1897,44.5
04-1897,45.0
05-1897,45.6
06-1897,45.5
07-1897,45.0
08-1897,45.3
09-1897,45.3
10-1897,45.3
11-1897,45.7
12-1897,45.3
01-1898,45.2
02-1898,45.6
03-1898,45.9
04-1898,45.8
05-1898,45.5
06-1898,45.5
07-1898,45.8
08-1898,45.8
09-1898,46.0
10-1898,45.9
11-1898,45.9
12-1898,45.7
01-1899,45.9
02-1899,45.2
03-1899,45.2
04-1899,45.0
05-1899,44.6
06-1899,44.4
07-1899,44.5
08-1899,43.8
09-1899,43.8
10-1899,43.8
11-1899,44.5
12-1899,45.1
01-1900,45.5
02-1900,45.8
03-1900,46.4
04-1900,46.7
05-1900,47.1
06-1900,47.6
07-1900,47.5
08-1900,47.6
09-1900,47.4
10-1900,47.4
11-1900,46.7
12-1900,47.0
01-1901,46.6
02-1901,46.5
03-1901,46.2
04-1901,45.8
05-1901,45.8
06-1901,45.2
07-1901,45.0
08-1901,45.4
09-1901,45.3
10-1901,45.8
11-1901,46.2
12-1901,45.8
01-1902,45.8
02-1902,46.1
03-1902,46.0
04-1902,46.0
05-1902,46.0
06-1902,46.2
07-1902,46.2
08-1902,45.9
09-1902,46.1
10-1902,45.8
11-1902,45.5
12-1902,45.3
01-1903,45.5
02-1903,45.0
03-1903,44.8
04-1903,44.7
05-1903,44.6
06-1903,45.0
07-1903,45.0
08-1903,45.0
09-1903,44.9
10-1903,44.8
11-1903,44.8
12-1903,44.9
01-1904,44.9
02-1904,45.1
03-1904,45.0
04-1904,45.4
05-1904,45.4
06-1904,45.1
07-1904,45.4
08-1904,45.5
09-1904,45.9
10-1904,46.0
11-1904,46.5
12-1904,46.6
01-1905,46.5
02-1905,46.6
03-1905,47.3
04-1905,47.2
05-1905,47.2
06-1905,47.2
07-1905,47.3
08-1905,47.2
09-1905,47.1
10-1905,46.6
11-1905,46.1
12-1905,45.9
01-1906,46.0
02-1906,46.3
03-1906,45.8
04-1906,46.0
05-1906,46.1
06-1906,45.9
07-1906,46.3
08-1906,46.3
09-1906,46.3
10-1906,46.8
11-1906,46.8
12-1906,46.9
01-1907,45.9
02-1907,45.8
03-1907,45.7
04-1907,45.3
05-1907,45.4
06-1907,45.6
07-1907,45.1
08-1907,44.7
09-1907,44.7
10-1907,44.9
11-1907,45.2
12-1907,45.2
01-1908,46.2
02-1908,46.1
03-1908,46.2
04-1908,46.4
05-1908,46.0
06-1908,46.0
07-1908,46.2
08-1908,46.5
09-1908,46.5
10-1908,46.2
11-1908,46.2
12-1908,45.9
01-1909,45.1
02-1909,45.2
03-1909,45.3
04-1909,45.1
05-1909,45.1
06-1909,45.2
07-1909,44.8
08-1909,44.7
09-1909,44.8
10-1909,44.9
11-1909,44.6
12-1909,44.3
01-1910,44.8
02-1910,44.3
03-1910,44.6
04-1910,45.0
05-1910,45.4
06-1910,45.3
07-1910,45.6
08-1910,45.4
09-1910,45.2
10-1910,45.4
11-1910,45.3
12-1910,46.0
01-1911,46.0
02-1911,46.2
03-1911,46.0
04-1911,45.6
05-1911,45.1
06-1911,45.2
07-1911,45.3
08-1911,45.4
09-1911,45.3
10-1911,45.1
11-1911,44.9
12-1911,44.7
01-1912,44.7
02-1912,45.2
03-1912,44.9
04-1912,45.1
05-1912,45.4
06-1912,45.6
07-1912,45.4
08-1912,45.3
09-1912,45.3
10-1912,45.1
11-1912,45.4
12-1912,45.5
01-1913,45.3
02-1913,44.6
03-1913,44.4
04-1913,44.5
05-1913,44.3
06-1913,44.2
07-1913,44.2
08-1913,44.5
09-1913,44.7
10-1913,44.7
11-1913,44.7
12-1913,44.7
01-1914,45.4
02-1914,45.9
03-1914,46.4
04-1914,46.6
05-1914,46.8
06-1914,46.7
07-1914,46.8
08-1914,46.8
09-1914,46.7
10-1914,47.0
11-1914,47.1
12-1914,46.5
01-1915,46.0
02-1915,46.3
03-1915,46.5
04-1915,46.7
05-1915,46.5
06-1915,46.6
07-1915,46.4
08-1915,46.7
09-1915,46.8
10-1915,46.8
11-1915,46.4
12-1915,46.9
01-1916,46.0
02-1916,45.6
03-1916,45.2
04-1916,44.8
05-1916,44.5
06-1916,44.4
07-1916,44.2
08-1916,43.8
09-1916,43.9
10-1916,43.6
11-1916,43.4
12-1916,43.0
01-1917,43.8
02-1917,43.7
03-1917,43.2
04-1917,42.9
05-1917,43.1
06-1917,43.0
07-1917,43.3
08-1917,43.5
09-1917,43.6
10-1917,43.9
11-1917,44.6
12-1917,45.5
01-1918,46.0
02-1918,46.1
03-1918,46.6
04-1918,46.9
05-1918,46.9
06-1918,47.4
07-1918,47.4
08-1918,47.1
09-1918,47.4
10-1918,47.5
11-1918,47.1
12-1918,46.8
01-1919,46.6
02-1919,46.7
03-1919,46.7
04-1919,46.7
05-1919,46.8
06-1919,46.3
07-1919,46.3
08-1919,46.5
09-1919,46.1
10-1919,45.6
11-1919,45.4
12-1919,44.8
01-1920,44.6
02-1920,44.7
03-1920,44.7
04-1920,44.3
05-1920,44.1
06-1920,44.2
07-1920,44.3
08-1920,44.4
09-1920,44.3
10-1920,44.5
11-1920,44.7
12-1920,45.5
01-1921,45.6
02-1921,45.6
03-1921,45.7
04-1921,45.8
05-1921,46.1
06-1921,46.4
07-1921,46.1
08-1921,46.0
09-1921,45.7
10-1921,46.0
11-1921,45.9
12-1921,45.5
01-1922,44.8
02-1922,44.1
03-1922,43.8
04-1922,43.7
05-1922,43.6
06-1922,43.9
07-1922,44.1
08-1922,44.2
09-1922,44.7
10-1922,44.7
11-1922,44.5
12-1922,44.2
01-1923,45.0
02-1923,45.1
03-1923,45.3
04-1923,45.7
05-1923,45.7
06-1923,45.3
07-1923,45.3
08-1923,45.4
09-1923,45.4
10-1923,45.4
11-1923,45.8
12-1923,46.4
01-1924,45.9
02-1924,46.9
03-1924,47.0
04-1924,46.8
05-1924,47.2
06-1924,47.4
07-1924,47.3
08-1924,47.1
09-1924,47.0
10-1924,46.9
11-1924,46.5
12-1924,46.0
01-1925,46.4
02-1925,46.3
03-1925,46.4
04-1925,46.7
05-1925,46.6
06-1925,46.6
07-1925,46.8
08-1925,46.8
09-1925,46.8
10-1925,46.7
11-1925,46.8
12-1925,47.8
01-1926,47.7
02-1926,47.8
03-1926,48.1
04-1926,48.3
05-1926,48.1
06-1926,48.3
07-1926,48.2
08-1926,48.3
09-1926,47.9
10-1926,48.1
11-1926,48.4
12-1926,47.9
01-1927,47.6
02-1927,47.2
03-1927,46.7
04-1927,46.1
05-1927,45.8
06-1927,45.6
07-1927,45.5
08-1927,45.5
09-1927,45.8
10-1927,45.7
11-1927,45.6
12-1927,45.1
01-1928,45.3
02-1928,45.3
03-1928,45.5
04-1928,45.5
05-1928,46.1
06-1928,46.0
07-1928,46.1
08-1928,46.0
09-1928,46.2
10-1928,46.1
11-1928,46.1
12-1928,46.4
01-1929,45.7
02-1929,44.8
03-1929,44.7
04-1929,44.6
05-1929,44.2
06-1929,44.2
07-1929,44.0
08-1929,44.2
09-1929,44.1
10-1929,44.3
11-1929,44.1
12-1929,44.4
01-1930,44.0
02-1930,45.1
03-1930,45.2
04-1930,45.7
05-1930,45.6
06-1930,45.5
07-1930,45.6
08-1930,45.7
09-1930,45.8
10-1930,45.4
11-1930,45.4
12-1930,45.2
01-1931,46.7
02-1931,46.5
03-1931,46.5
04-1931,46.3
05-1931,46.7
06-1931,46.8
07-1931,46.9
08-1931,46.8
09-1931,46.6
10-1931,46.8
11-1931,46.7
12-1931,46.5
01-1932,45.9
02-1932,45.6
03-1932,45.5
04-1932,45.4
05-1932,45.1
06-1932,45.3
07-1932,44.9
08-1932,44.8
09-1932,44.9
10-1932,45.0
11-1932,45.6
12-1932,45.5
01-1933,45.8
02-1933,45.4
03-1933,45.3
04-1933,45.2
05-1933,44.9
06-1933,44.7
07-1933,44.9
08-1933,45.1
09-1933,44.7
10-1933,44.8
11-1933,44.7
12-1933,45.4
01-1934,45.9
02-1934,47.0
03-1934,47.6
04-1934,48.3
05-1934,48.9
06-1934,49.0
07-1934,49.0
08-1934,49.0
09-1934,49.2
10-1934,49.2
11-1934,49.4
12-1934,49.1
01-1935,48.6
02-1935,48.3
03-1935,47.5
04-1935,46.8
05-1935,46.5
06-1935,46.4
07-1935,46.4
08-1935,46.2
09-1935,46.5
10-1935,46.2
11-1935,45.5
12-1935,45.4
01-1936,45.6
02-1936,44.3
03-1936,44.4
04-1936,44.8
05-1936,45.2
06-1936,45.3
07-1936,45.4
08-1936,45.6
09-1936,45.3
10-1936,45.7
11-1936,45.8
12-1936,45.9
01-1937,44.5
02-1937,45.2
03-1937,45.5
04-1937,45.1
05-1937,44.8
06-1937,44.8
07-1937,44.8
08-1937,44.6
09-1937,44.7
10-1937,44.8
11-1937,45.2
12-1937,45.2
01-1938,46.7
02-1938,47.0
03-1938,46.9
04-1938,47.1
05-1938,47.2
06-1938,47.3
07-1938,47.5
08-1938,47.5
09-1938,47.8
10-1938,47.7
11-1938,47.2
12-1938,47.1
01-1939,47.3
02-1939,47.1
03-1939,47.1
04-1939,47.3
05-1939,47.3
06-1939,46.9
07-1939,46.7
08-1939,47.1
09-1939,46.7
10-1939,46.7
11-1939,47.1
12-1939,47.5
01-1940,47.3
02-1940,47.8
03-1940,48.1
04-1940,48.1
05-1940,48.2
06-1940,48.7
07-1940,48.7
08-1940,48.6
09-1940,48.8
10-1940,49.0
11-1940,48.4
12-1940,48.1
01-1941,48.2
02-1941,48.3
03-1941,48.5
04-1941,48.6
05-1941,48.3
06-1941,48.0
07-1941,48.3
08-1941,48.2
09-1941,47.6
10-1941,47.4
11-1941,47.9
12-1941,47.9
01-1942,47.4
02-1942,47.1
03-1942,46.6
04-1942,46.5
05-1942,46.4
06-1942,46.2
07-1942,46.0
08-1942,46.3
09-1942,46.7
10-1942,46.9
11-1942,46.5
12-1942,46.4
01-1943,46.1
02-1943,46.1
03-1943,45.9
04-1943,45.9
05-1943,45.8
06-1943,45.7
07-1943,45.6
08-1943,45.2
09-1943,45.3
10-1943,45.2
11-1943,45.5
12-1943,45.4
01-1944,45.9
02-1944,45.8
03-1944,45.9
04-1944,45.8
05-1944,46.1
06-1944,46.3
07-1944,46.4
08-1944,46.4
09-1944,46.4
10-1944,46.8
11-1944,46.7
12-1944,46.5
01-1945,46.8
02-1945,47.0
03-1945,47.0
04-1945,46.8
05-1945,46.9
06-1945,46.7
07-1945,46.8
08-1945,46.9
09-1945,46.6
10-1945,46.3
11-1945,46.2
12-1945,46.3
01-1946,46.2
02-1946,46.1
03-1946,46.2
04-1946,46.4
05-1946,46.5
06-1946,46.5
07-1946,46.4
08-1946,46.3
09-1946,46.4
10-1946,45.9
11-1946,45.8
12-1946,45.9
01-1947,45.5
02-1947,45.7
03-1947,45.9
04-1947,46.1
05-1947,46.2
06-1947,46.3
07-1947,46.3
08-1947,46.1
09-1947,46.2
10-1947,46.6
11-1947,46.9
12-1947,47.0
01-1948,47.2
02-1948,46.8
03-1948,46.3
04-1948,45.8
05-1948,45.3
06-1948,45.7
07-1948,45.5
08-1948,45.5
09-1948,45.3
10-1948,45.1
11-1948,45.0
12-1948,44.3
01-1949,43.1
02-1949,42.9
03-1949,43.1
04-1949,43.5
05-1949,43.9
06-1949,43.5
07-1949,43.6
08-1949,43.8
09-1949,44.0
10-1949,43.9
11-1949,44.4
12-1949,44.9
01-1950,44.7
02-1950,45.0
03-1950,44.8
04-1950,44.4
05-1950,43.9
06-1950,44.0
07-1950,44.1
08-1950,44.3
09-1950,44.2
10-1950,44.4
11-1950,43.9
12-1950,44.3
01-1951,45.7
02-1951,45.8
03-1951,45.6
04-1951,46.0
05-1951,46.2
06-1951,46.3
07-1951,46.3
08-1951,46.2
09-1951,46.2
10-1951,46.2
11-1951,46.2
12-1951,45.4
01-1952,45.0
02-1952,45.0
03-1952,45.3
04-1952,45.3
05-1952,45.4
06-1952,45.2
07-1952,45.2
08-1952,45.2
09-1952,45.4
10-1952,45.8
11-1952,45.6
12-1952,46.1
01-1953,47.2
02-1953,47.5
03-1953,47.7
04-1953,47.5
05-1953,47.3
06-1953,47.1
07-1953,47.0
08-1953,47.0
09-1953,46.8
10-1953,46.6
11-1953,47.2
12-1953,47.4
01-1954,46.5
02-1954,46.4
03-1954,46.1
04-1954,46.0
05-1954,46.2
06-1954,46.2
07-1954,46.0
08-1954,45.7
09-1954,45.6
10-1954,45.2
11-1954,45.4
12-1954,45.1
01-1955,45.3
02-1955,44.9
03-1955,44.7
04-1955,44.5
05-1955,44.1
06-1955,44.4
07-1955,44.4
08-1955,44.6
09-1955,44.6
10-1955,44.7
11-1955,43.7
12-1955,43.4
01-1956,43.3
02-1956,42.9
03-1956,43.1
04-1956,43.7
05-1956,44.3
06-1956,44.1
07-1956,44.5
08-1956,44.6
09-1956,44.7
10-1956,44.6
11-1956,44.9
12-1956,45.3
01-1957,44.4
02-1957,44.8
03-1957,45.1
04-1957,45.0
05-1957,45.1
06-1957,45.3
07-1957,45.0
08-1957,44.8
09-1957,45.1
10-1957,45.1
11-1957,45.3
12-1957,45.5
01-1958,46.8
02-1958,47.7
03-1958,47.7
04-1958,47.6
05-1958,47.8
06-1958,48.1
07-1958,48.7
08-1958,49.2
09-1958,48.9
10-1958,49.2
11-1958,49.1
12-1958,49.0
01-1959,48.7
02-1959,48.0
03-1959,48.0
04-1959,48.1
05-1959,47.4
06-1959,47.0
07-1959,46.7
08-1959,46.1
09-1959,46.0
10-1959,45.8
11-1959,45.7
12-1959,45.5
01-1960,45.1
02-1960,45.2
03-1960,45.1
04-1960,45.1
05-1960,45.1
06-1960,45.1
07-1960,45.3
08-1960,45.3
09-1960,45.5
10-1960,45.6
11-1960,45.8
12-1960,45.7
01-1961,46.3
02-1961,46.7
03-1961,46.8
04-1961,46.7
05-1961,46.9
06-1961,47.3
07-1961,47.2
08-1961,47.8
09-1961,47.5
10-1961,47.3
11-1961,46.9
12-1961,47.0
01-1962,46.6
02-1962,46.3
03-1962,46.0
04-1962,46.2
05-1962,46.0
06-1962,45.5
07-1962,45.2
08-1962,44.7
09-1962,45.0
10-1962,45.2
11-1962,45.8
12-1962,46.2
01-1963,45.9
02-1963,46.2
03-1963,46.5
04-1963,46.2
05-1963,46.5
06-1963,46.6
07-1963,46.4
08-1963,46.6
09-1963,46.9
10-1963,47.1
11-1963,47.0
12-1963,46.7
01-1964,47.3
02-1964,46.9
03-1964,46.7
04-1964,46.6
05-1964,46.4
06-1964,46.3
07-1964,46.4
08-1964,46.1
09-1964,45.5
10-1964,45.3
11-1964,45.1
12-1964,44.8
01-1965,44.6
02-1965,44.7
03-1965,44.8
04-1965,45.1
05-1965,45.1
06-1965,45.2
07-1965,45.4
08-1965,45.7
09-1965,45.7
10-1965,45.9
11-1965,46.4
12-1965,46.7
01-1966,46.7
02-1966,46.7
03-1966,46.8
04-1966,46.7
05-1966,47.0
06-1966,46.8
07-1966,46.6
08-1966,46.5
09-1966,47.0
10-1966,46.7
11-1966,46.6
12-1966,46.9
01-1967,47.3
02-1967,47.6
03-1967,47.4
04-1967,47.1
05-1967,46.9
06-1967,47.4
07-1967,47.6
08-1967,48.1
09-1967,48.2
10-1967,48.3
11-1967,48.3
12-1967,47.8
01-1968,47.5
02-1968,47.5
03-1968,47.9
04-1968,48.1
05-1968,48.1
06-1968,47.8
07-1968,47.9
08-1968,47.3
09-1968,46.9
10-1968,46.6
11-1968,46.6
12-1968,46.3
01-1969,45.4
02-1969,44.7
03-1969,44.5
04-1969,44.6
05-1969,44.9
06-1969,45.3
07-1969,45.0
08-1969,45.0
09-1969,45.0
10-1969,45.0
11-1969,45.1
12-1969,45.5
01-1970,46.3
02-1970,46.9
03-1970,46.9
04-1970,46.6
05-1970,46.4
06-1970,46.3
07-1970,46.5
08-1970,46.8
09-1970,46.4
10-1970,46.4
11-1970,46.3
12-1970,46.0
01-1971,46.1
02-1971,45.9
03-1971,45.6
04-1971,45.7
05-1971,45.9
06-1971,45.2
07-1971,45.2
08-1971,45.5
09-1971,45.5
10-1971,45.4
11-1971,45.5
12-1971,45.4
01-1972,45.0
02-1972,44.8
03-1972,45.3
04-1972,45.1
05-1972,45.2
06-1972,45.5
07-1972,45.4
08-1972,45.2
09-1972,45.2
10-1972,45.2
11-1972,45.3
12-1972,45.3
01-1973,45.4
02-1973,45.6
03-1973,45.6
04-1973,46.0
05-1973,45.9
06-1973,45.9
07-1973,46.0
08-1973,45.8
09-1973,46.1
10-1973,46.2
11-1973,45.9
12-1973,46.5
01-1974,46.4
02-1974,46.5
03-1974,46.4
04-1974,46.3
05-1974,46.0
06-1974,46.1
07-1974,46.0
08-1974,46.1
09-1974,46.3
10-1974,46.4
11-1974,46.8
12-1974,46.7
01-1975,46.9
02-1975,46.4
03-1975,46.2
04-1975,45.9
05-1975,46.1
06-1975,45.8
07-1975,46.1
08-1975,45.8
09-1975,45.7
10-1975,45.6
11-1975,45.3
12-1975,45.2
01-1976,45.5
02-1976,45.8
03-1976,45.7
04-1976,46.0
05-1976,46.0
06-1976,45.9
07-1976,45.6
08-1976,45.6
09-1976,45.7
10-1976,45.8
11-1976,46.0
12-1976,45.9
01-1977,45.4
02-1977,45.7
03-1977,45.9
04-1977,46.3
05-1977,46.1
06-1977,46.6
07-1977,46.6
08-1977,47.1
09-1977,46.7
10-1977,46.6
11-1977,46.3
12-1977,46.2
01-1978,46.7
02-1978,46.6
03-1978,46.8
04-1978,46.6
05-1978,46.7
06-1978,46.6
07-1978,46.8
08-1978,46.4
09-1978,46.5
10-1978,46.6
11-1978,46.4
12-1978,45.9
01-1979,44.9
02-1979,44.5
03-1979,44.4
04-1979,44.4
05-1979,44.7
06-1979,44.6
07-1979,44.6
08-1979,44.8
09-1979,45.2
10-1979,45.4
11-1979,45.6
12-1979,46.4
01-1980,46.8
02-1980,47.0
03-1980,46.8
04-1980,47.1
05-1980,47.0
06-1980,46.7
07-1980,46.5
08-1980,46.2
09-1980,45.9
10-1980,45.8
11-1980,46.1
12-1980,46.1
01-1981,47.1
02-1981,47.2
03-1981,47.6
04-1981,47.3
05-1981,47.2
06-1981,47.2
07-1981,47.1
08-1981,47.6
09-1981,47.7
10-1981,47.5
11-1981,47.6
12-1981,47.3
01-1982,46.6
02-1982,46.4
03-1982,46.1
04-1982,45.9
05-1982,45.8
06-1982,46.4
07-1982,46.4
08-1982,46.1
09-1982,46.0
10-1982,46.1
11-1982,45.6
12-1982,45.5
01-1983,46.1
02-1983,46.5
03-1983,46.9
04-1983,47.2
05-1983,47.4
06-1983,47.1
07-1983,47.0
08-1983,47.1
09-1983,46.8
10-1983,46.8
11-1983,47.3
12-1983,46.7
01-1984,46.4
02-1984,46.2
03-1984,46.2
04-1984,46.0
05-1984,45.5
06-1984,45.4
07-1984,45.7
08-1984,45.6
09-1984,45.7
10-1984,45.5
11-1984,45.2
12-1984,45.3
01-1985,44.9
02-1985,44.3
03-1985,43.9
04-1985,44.1
05-1985,44.5
06-1985,44.7
07-1985,45.1
08-1985,44.9
09-1985,44.8
10-1985,44.9
11-1985,44.0
12-1985,43.9
01-1986,44.5
02-1986,44.9
03-1986,45.4
04-1986,45.2
05-1986,45.2
06-1986,45.5
07-1986,44.8
08-1986,45.2
09-1986,45.3
10-1986,45.7
11-1986,46.7
12-1986,47.3
01-1987,47.0
02-1987,47.3
03-1987,47.2
04-1987,47.6
05-1987,47.8
06-1987,47.7
07-1987,47.9
08-1987,47.6
09-1987,48.1
10-1987,48.1
11-1987,48.4
12-1987,48.3
01-1988,48.2
02-1988,48.1
03-1988,48.0
04-1988,47.8
05-1988,47.6
06-1988,47.3
07-1988,47.4
08-1988,47.4
09-1988,47.1
10-1988,47.3
11-1988,47.2
12-1988,47.3
01-1989,47.5
02-1989,46.6
03-1989,46.4
04-1989,46.5
05-1989,46.5
06-1989,46.8
07-1989,46.7
08-1989,46.6
09-1989,46.7
10-1989,46.3
11-1989,46.4
12-1989,46.6
01-1990,46.8
02-1990,47.3
03-1990,47.7
04-1990,47.7
05-1990,47.6
06-1990,47.4
07-1990,47.7
08-1990,48.0
09-1990,48.3
10-1990,48.1
11-1990,48.1
12-1990,47.3
01-1991,46.8
02-1991,47.5
03-1991,47.2
04-1991,46.9
05-1991,46.8
06-1991,46.6
07-1991,46.4
08-1991,46.4
09-1991,46.2
10-1991,46.4
11-1991,46.3
12-1991,47.1
01-1992,47.6
02-1992,47.6
03-1992,48.2
04-1992,48.5
05-1992,48.9
06-1992,49.7
07-1992,49.6
08-1992,49.6
09-1992,49.2
10-1992,49.3
11-1992,49.2
12-1992,48.6
01-1993,47.8
02-1993,47.0
03-1993,46.5
04-1993,46.2
05-1993,46.3
06-1993,45.8
07-1993,45.3
08-1993,45.1
09-1993,45.4
10-1993,45.5
11-1993,45.1
12-1993,45.6
01-1994,46.6
02-1994,46.8
03-1994,47.0
04-1994,47.3
05-1994,47.1
06-1994,47.1
07-1994,47.8
08-1994,48.0
09-1994,48.2
10-1994,47.9
11-1994,48.0
12-1994,47.9
01-1995,47.6
02-1995,48.1
03-1995,47.9
04-1995,47.6
05-1995,47.6
06-1995,47.7
07-1995,47.5
08-1995,47.1
09-1995,47.0
10-1995,46.9
11-1995,47.5
12-1995,47.5
01-1996,47.2
02-1996,46.8
03-1996,46.7
04-1996,46.8
05-1996,46.3
06-1996,46.2
07-1996,46.4
08-1996,46.8
09-1996,46.3
10-1996,46.3
11-1996,45.9
12-1996,45.6
01-1997,45.7
02-1997,45.9
03-1997,45.9
04-1997,45.7
05-1997,46.2
06-1997,46.2
07-1997,45.9
08-1997,46.0
09-1997,46.4
10-1997,46.4
11-1997,46.8
12-1997,47.1
01-1998,47.2
02-1998,47.6
03-1998,47.7
04-1998,47.9
05-1998,47.8
06-1998,48.0
07-1998,48.5
08-1998,48.5
09-1998,48.7
10-1998,48.8
11-1998,48.8
12-1998,48.6
01-1999,48.8
02-1999,48.6
03-1999,48.4
04-1999,48.2
05-1999,47.8
06-1999,47.6
07-1999,47.0
08-1999,46.9
09-1999,46.5
10-1999,46.4
11-1999,46.6
12-1999,46.9
01-2000,46.6
02-2000,46.6
03-2000,46.7
04-2000,47.0
05-2000,47.2
06-2000,47.4
07-2000,47.6
08-2000,47.4
09-2000,47.3
10-2000,47.3
11-2000,46.6
12-2000,46.2
01-2001,46.3
02-2001,46.0
03-2001,46.1
04-2001,45.8
05-2001,45.9
06-2001,45.7
07-2001,45.7
08-2001,45.9
09-2001,46.2
10-2001,46.1
11-2001,46.7
12-2001,46.9
01-2002,47.0
02-2002,47.2
03-2002,46.8
04-2002,46.9
05-2002,46.6
06-2002,46.9
07-2002,47.2
08-2002,47.0
09-2002,46.8
10-2002,46.7
11-2002,46.7
12-2002,46.9
01-2003,47.2
02-2003,47.3
03-2003,47.7
04-2003,47.7
05-2003,47.9
06-2003,48.0
07-2003,48.1
08-2003,48.3
09-2003,48.5
10-2003,48.9
11-2003,48.4
12-2003,48.2
01-2004,47.7
02-2004,47.6
03-2004,47.8
04-2004,48.1
05-2004,48.2
06-2004,48.2
07-2004,48.2
08-2004,48.3
09-2004,47.9
10-2004,47.8
11-2004,48.2
12-2004,48.4
01-2005,48.5
02-2005,48.6
03-2005,48.6
04-2005,48.4
05-2005,48.6
06-2005,48.3
07-2005,48.1
08-2005,48.0
09-2005,48.0
10-2005,48.0
11-2005,47.8
12-2005,47.3
01-2006,47.7
02-2006,47.5
03-2006,47.1
04-2006,47.1
05-2006,46.9
06-2006,47.2
07-2006,47.4
08-2006,47.2
09-2006,47.5
10-2006,47.4
11-2006,47.4
12-2006,47.5
01-2007,46.9
02-2007,47.1
03-2007,47.4
04-2007,47.3
05-2007,47.3
06-2007,47.1
07-2007,47.1
08-2007,47.1
09-2007,46.9
10-2007,46.8
11-2007,46.8
12-2007,46.8
01-2008,46.7
02-2008,46.7
03-2008,46.3
04-2008,46.0
05-2008,46.0
06-2008,45.9
07-2008,45.6
08-2008,45.6
09-2008,45.7
10-2008,45.8
11-2008,46.1
12-2008,45.8
01-2009,46.0
02-2009,45.8
03-2009,45.7
04-2009,45.9
05-2009,45.9
06-2009,46.2
07-2009,46.4
08-2009,46.5
09-2009,46.7
10-2009,46.5
11-2009,46.3
12-2009,46.4
01-2010,46.9
02-2010,47.3
03-2010,47.8
04-2010,47.8
05-2010,47.5
06-2010,47.2
07-2010,46.9
08-2010,46.8
09-2010,46.5
10-2010,46.9
11-2010,46.6
12-2010,47.1
01-2011,46.7
02-2011,46.1
03-2011,45.9
04-2011,45.5
05-2011,45.5
06-2011,45.5
07-2011,45.2
08-2011,45.4
09-2011,45.7
10-2011,45.6
11-2011,45.6
12-2011,45.5
01-2012,45.4
02-2012,45.7
03-2012,45.6
04-2012,46.1
05-2012,46.3
06-2012,46.3
07-2012,46.6
08-2012,46.7
09-2012,46.6
10-2012,46.6
11-2012,46.9
12-2012,47.1
01-2013,46.9
02-2013,47.0
03-2013,47.2
04-2013,47.1
05-2013,47.3
06-2013,47.6
07-2013,47.8
08-2013,47.8
09-2013,47.8
10-2013,47.7
11-2013,47.5
12-2013,47.2
01-2014,47.6
02-2014,47.1
03-2014,47.1
04-2014,47.2
05-2014,47.2
06-2014,47.2
07-2014,47.3
08-2014,47.4
09-2014,47.4
10-2014,47.9
11-2014,47.9
12-2014,48.4
01-2015,48.5
02-2015,49.4
03-2015,49.8
04-2015,49.8
05-2015,49.9
06-2015,50.5
07-2015,50.5
08-2015,50.4
09-2015,50.1
10-2015,50.2
11-2015,50.2
12-2015,50.0
01-2016,49.8
02-2016,49.7
03-2016,49.4
04-2016,49.9
05-2016,49.8
06-2016,49.4
07-2016,49.0
08-2016,48.9
09-2016,48.9
10-2016,48.5
11-2016,49.1
12-2016,48.6
01-2017,47.9
02-2017,47.2
03-2017,47.0
04-2017,46.4
05-2017,46.3
06-2017,46.2
07-2017,46.5
08-2017,46.8
09-2017,47.0
10-2017,46.9
11-2017,46.5
12-2017,46.8
01-2018,47.7
02-2018,47.8
03-2018,47.8
04-2018,47.9
05-2018,48.2
06-2018,48.1
07-2018,48.1
08-2018,47.9
09-2018,47.6
10-2018,47.7
11-2018,47.8
12-2018,48.1
01-2019,48.0
02-2019,47.4
03-2019,47.1
04-2019,47.2
05-2019,47.1
06-2019,47.2
07-2019,46.9
08-2019,46.9
09-2019,47.0
10-2019,46.6
11-2019,46.5
12-2019,46.5
01-2020,46.5
02-2020,47.4
03-2020,47.6
04-2020,47.5
05-2020,47.3
06-2020,47.2
07-2020,47.3
08-2020,47.2
09-2020,47.6
10-2020,48.0
11-2020,48.0
12-2020,48.1
01-2021,48.1
02-2021,47.7
03-2021,47.9
04-2021,47.9
05-2021,47.9
06-2021,48.4
07-2021,48.8
08-2021,48.8
09-2021,48.6
10-2021,48.4
11-2021,48.6
12-2021,48.3
01-2022,48.0
02-2022,48.2
03-2022,48.3
04-2022,47.8
05-2022,47.5
06-2022,46.9
07-2022,46.8
08-2022,47.1
09-2022,47.4
10-2022,48.0
11-2022,47.4
12-2022,47.1
01-2023,47.3
02-2023,47.2
03-2023,46.8
04-2023,46.9
05-2023,47.8
06-2023,48.0
07-2023,47.9
08-2023,47.8
09-2023,47.5
10-2023,47.1
11-2023,47.5
12-2023,48.4
01-2024,48.1
02-2024,48.5
03-2024,48.8
04-2024,49.0
05-2024,48.4
06-2024,48.2
07-2024,48.3
08-2024,48.2
09-2024,48.4
10-2024,48.4
11-2024,48.4
12-2024,48.3
01-2025,48.4
02-2025,47.9
03-2025,48.0
04-2025,48.1
05-2025,48.3
06-2025,48.6
07-2025,48.4
08-2025,48.7
09-2025,48.8
10-2025,48.7
11-2025,48.9
12-2025,49.1
01-2026,49.4
