#  Washington 12-Month Period Average Temperature,F2
,
,
12/1/1895,45.2
1/1/1896,45.5
2/1/1896,45.6
3/1/1896,45.5
4/1/1896,45.2
5/1/1896,45.1
6/1/1896,45
7/1/1896,45.4
8/1/1896,45.5
9/1/1896,45.7
10/1/1896,45.7
11/1/1896,45.2
12/1/1896,45.4
1/1/1897,45.2
2/1/1897,44.9
3/1/1897,44.5
4/1/1897,45
5/1/1897,45.6
6/1/1897,45.5
7/1/1897,45
8/1/1897,45.3
9/1/1897,45.3
10/1/1897,45.3
11/1/1897,45.7
12/1/1897,45.3
1/1/1898,45.2
2/1/1898,45.6
3/1/1898,45.9
4/1/1898,45.8
5/1/1898,45.5
6/1/1898,45.5
7/1/1898,45.8
8/1/1898,45.8
9/1/1898,46
10/1/1898,45.9
11/1/1898,45.9
12/1/1898,45.7
1/1/1899,45.9
2/1/1899,45.2
3/1/1899,45.2
4/1/1899,45
5/1/1899,44.6
6/1/1899,44.4
7/1/1899,44.5
8/1/1899,43.8
9/1/1899,43.8
10/1/1899,43.8
11/1/1899,44.5
12/1/1899,45.1
1/1/1900,45.5
2/1/1900,45.8
3/1/1900,46.4
4/1/1900,46.7
5/1/1900,47.1
6/1/1900,47.6
7/1/1900,47.5
8/1/1900,47.6
9/1/1900,47.4
10/1/1900,47.4
11/1/1900,46.7
12/1/1900,47
1/1/1901,46.6
2/1/1901,46.5
3/1/1901,46.2
4/1/1901,45.8
5/1/1901,45.8
6/1/1901,45.2
7/1/1901,45
8/1/1901,45.4
9/1/1901,45.3
10/1/1901,45.8
11/1/1901,46.2
12/1/1901,45.8
1/1/1902,45.8
2/1/1902,46.1
3/1/1902,46
4/1/1902,46
5/1/1902,46
6/1/1902,46.2
7/1/1902,46.2
8/1/1902,45.9
9/1/1902,46.1
10/1/1902,45.8
11/1/1902,45.5
12/1/1902,45.3
1/1/1903,45.5
2/1/1903,45
3/1/1903,44.8
4/1/1903,44.7
5/1/1903,44.6
6/1/1903,45
7/1/1903,45
8/1/1903,45
9/1/1903,44.9
10/1/1903,44.8
11/1/1903,44.8
12/1/1903,44.9
1/1/1904,44.9
2/1/1904,45.1
3/1/1904,45
4/1/1904,45.4
5/1/1904,45.4
6/1/1904,45.1
7/1/1904,45.4
8/1/1904,45.5
9/1/1904,45.9
10/1/1904,46
11/1/1904,46.5
12/1/1904,46.6
1/1/1905,46.5
2/1/1905,46.6
3/1/1905,47.3
4/1/1905,47.2
5/1/1905,47.2
6/1/1905,47.2
7/1/1905,47.3
8/1/1905,47.2
9/1/1905,47.1
10/1/1905,46.6
11/1/1905,46.1
12/1/1905,45.9
1/1/1906,46
2/1/1906,46.3
3/1/1906,45.8
4/1/1906,46
5/1/1906,46.1
6/1/1906,45.9
7/1/1906,46.3
8/1/1906,46.3
9/1/1906,46.3
10/1/1906,46.8
11/1/1906,46.8
12/1/1906,46.9
1/1/1907,45.9
2/1/1907,45.8
3/1/1907,45.7
4/1/1907,45.3
5/1/1907,45.4
6/1/1907,45.6
7/1/1907,45.1
8/1/1907,44.7
9/1/1907,44.7
10/1/1907,44.9
11/1/1907,45.2
12/1/1907,45.2
1/1/1908,46.2
2/1/1908,46.1
3/1/1908,46.2
4/1/1908,46.4
5/1/1908,46
6/1/1908,46
7/1/1908,46.2
8/1/1908,46.5
9/1/1908,46.5
10/1/1908,46.2
11/1/1908,46.2
12/1/1908,45.9
1/1/1909,45.1
2/1/1909,45.2
3/1/1909,45.3
4/1/1909,45.1
5/1/1909,45.1
6/1/1909,45.2
7/1/1909,44.8
8/1/1909,44.7
9/1/1909,44.8
10/1/1909,44.9
11/1/1909,44.6
12/1/1909,44.3
1/1/1910,44.8
2/1/1910,44.3
3/1/1910,44.6
4/1/1910,45
5/1/1910,45.4
6/1/1910,45.3
7/1/1910,45.6
8/1/1910,45.4
9/1/1910,45.2
10/1/1910,45.4
11/1/1910,45.3
12/1/1910,46
1/1/1911,46
2/1/1911,46.2
3/1/1911,46
4/1/1911,45.6
5/1/1911,45.1
6/1/1911,45.2
7/1/1911,45.3
8/1/1911,45.4
9/1/1911,45.3
10/1/1911,45.1
11/1/1911,44.9
12/1/1911,44.7
1/1/1912,44.7
2/1/1912,45.2
3/1/1912,44.9
4/1/1912,45.1
5/1/1912,45.4
6/1/1912,45.6
7/1/1912,45.4
8/1/1912,45.3
9/1/1912,45.3
10/1/1912,45.1
11/1/1912,45.4
12/1/1912,45.5
1/1/1913,45.3
2/1/1913,44.6
3/1/1913,44.4
4/1/1913,44.5
5/1/1913,44.3
6/1/1913,44.2
7/1/1913,44.2
8/1/1913,44.5
9/1/1913,44.7
10/1/1913,44.7
11/1/1913,44.7
12/1/1913,44.7
1/1/1914,45.4
2/1/1914,45.9
3/1/1914,46.4
4/1/1914,46.6
5/1/1914,46.8
6/1/1914,46.7
7/1/1914,46.8
8/1/1914,46.8
9/1/1914,46.7
10/1/1914,47
11/1/1914,47.1
12/1/1914,46.5
1/1/1915,46
2/1/1915,46.3
3/1/1915,46.5
4/1/1915,46.7
5/1/1915,46.5
6/1/1915,46.6
7/1/1915,46.4
8/1/1915,46.7
9/1/1915,46.8
10/1/1915,46.8
11/1/1915,46.4
12/1/1915,46.9
1/1/1916,46
2/1/1916,45.6
3/1/1916,45.2
4/1/1916,44.8
5/1/1916,44.5
6/1/1916,44.4
7/1/1916,44.2
8/1/1916,43.8
9/1/1916,43.9
10/1/1916,43.6
11/1/1916,43.4
12/1/1916,43
1/1/1917,43.8
2/1/1917,43.7
3/1/1917,43.2
4/1/1917,42.9
5/1/1917,43.1
6/1/1917,43
7/1/1917,43.3
8/1/1917,43.5
9/1/1917,43.6
10/1/1917,43.9
11/1/1917,44.6
12/1/1917,45.5
1/1/1918,46
2/1/1918,46.1
3/1/1918,46.6
4/1/1918,46.9
5/1/1918,46.9
6/1/1918,47.4
7/1/1918,47.4
8/1/1918,47.1
9/1/1918,47.4
10/1/1918,47.5
11/1/1918,47.1
12/1/1918,46.8
1/1/1919,46.6
2/1/1919,46.7
3/1/1919,46.7
4/1/1919,46.7
5/1/1919,46.8
6/1/1919,46.3
7/1/1919,46.3
8/1/1919,46.5
9/1/1919,46.1
10/1/1919,45.6
11/1/1919,45.4
12/1/1919,44.8
1/1/1920,44.6
2/1/1920,44.7
3/1/1920,44.7
4/1/1920,44.3
5/1/1920,44.1
6/1/1920,44.2
7/1/1920,44.3
8/1/1920,44.4
9/1/1920,44.3
10/1/1920,44.5
11/1/1920,44.7
12/1/1920,45.5
1/1/1921,45.6
2/1/1921,45.6
3/1/1921,45.7
4/1/1921,45.8
5/1/1921,46.1
6/1/1921,46.4
7/1/1921,46.1
8/1/1921,46
9/1/1921,45.7
10/1/1921,46
11/1/1921,45.9
12/1/1921,45.5
1/1/1922,44.8
2/1/1922,44.1
3/1/1922,43.8
4/1/1922,43.7
5/1/1922,43.6
6/1/1922,43.9
7/1/1922,44.1
8/1/1922,44.2
9/1/1922,44.7
10/1/1922,44.7
11/1/1922,44.5
12/1/1922,44.2
1/1/1923,45
2/1/1923,45.1
3/1/1923,45.3
4/1/1923,45.7
5/1/1923,45.7
6/1/1923,45.3
7/1/1923,45.3
8/1/1923,45.4
9/1/1923,45.4
10/1/1923,45.4
11/1/1923,45.8
12/1/1923,46.4
1/1/1924,45.9
2/1/1924,46.9
3/1/1924,47
4/1/1924,46.8
5/1/1924,47.2
6/1/1924,47.4
7/1/1924,47.3
8/1/1924,47.1
9/1/1924,47
10/1/1924,46.9
11/1/1924,46.5
12/1/1924,46
1/1/1925,46.4
2/1/1925,46.3
3/1/1925,46.4
4/1/1925,46.7
5/1/1925,46.6
6/1/1925,46.6
7/1/1925,46.8
8/1/1925,46.8
9/1/1925,46.8
10/1/1925,46.7
11/1/1925,46.8
12/1/1925,47.8
1/1/1926,47.7
2/1/1926,47.8
3/1/1926,48.1
4/1/1926,48.3
5/1/1926,48.1
6/1/1926,48.3
7/1/1926,48.2
8/1/1926,48.3
9/1/1926,47.9
10/1/1926,48.1
11/1/1926,48.4
12/1/1926,47.9
1/1/1927,47.6
2/1/1927,47.2
3/1/1927,46.7
4/1/1927,46.1
5/1/1927,45.8
6/1/1927,45.6
7/1/1927,45.5
8/1/1927,45.5
9/1/1927,45.8
10/1/1927,45.7
11/1/1927,45.6
12/1/1927,45.1
1/1/1928,45.3
2/1/1928,45.3
3/1/1928,45.5
4/1/1928,45.5
5/1/1928,46.1
6/1/1928,46
7/1/1928,46.1
8/1/1928,46
9/1/1928,46.2
10/1/1928,46.1
11/1/1928,46.1
12/1/1928,46.4
1/1/1929,45.7
2/1/1929,44.8
3/1/1929,44.7
4/1/1929,44.6
5/1/1929,44.2
6/1/1929,44.2
7/1/1929,44
8/1/1929,44.2
9/1/1929,44.1
10/1/1929,44.3
11/1/1929,44.1
12/1/1929,44.4
1/1/1930,44
2/1/1930,45.1
3/1/1930,45.2
4/1/1930,45.7
5/1/1930,45.6
6/1/1930,45.5
7/1/1930,45.6
8/1/1930,45.7
9/1/1930,45.8
10/1/1930,45.4
11/1/1930,45.4
12/1/1930,45.2
1/1/1931,46.7
2/1/1931,46.5
3/1/1931,46.5
4/1/1931,46.3
5/1/1931,46.7
6/1/1931,46.8
7/1/1931,46.9
8/1/1931,46.8
9/1/1931,46.6
10/1/1931,46.8
11/1/1931,46.7
12/1/1931,46.5
1/1/1932,45.9
2/1/1932,45.6
3/1/1932,45.5
4/1/1932,45.4
5/1/1932,45.1
6/1/1932,45.3
7/1/1932,44.9
8/1/1932,44.8
9/1/1932,44.9
10/1/1932,45
11/1/1932,45.6
12/1/1932,45.5
1/1/1933,45.8
2/1/1933,45.4
3/1/1933,45.3
4/1/1933,45.2
5/1/1933,44.9
6/1/1933,44.7
7/1/1933,44.9
8/1/1933,45.1
9/1/1933,44.7
10/1/1933,44.8
11/1/1933,44.7
12/1/1933,45.4
1/1/1934,45.9
2/1/1934,47
3/1/1934,47.6
4/1/1934,48.3
5/1/1934,48.9
6/1/1934,49
7/1/1934,49
8/1/1934,49
9/1/1934,49.2
10/1/1934,49.2
11/1/1934,49.4
12/1/1934,49.1
1/1/1935,48.6
2/1/1935,48.3
3/1/1935,47.5
4/1/1935,46.8
5/1/1935,46.5
6/1/1935,46.4
7/1/1935,46.4
8/1/1935,46.2
9/1/1935,46.5
10/1/1935,46.2
11/1/1935,45.5
12/1/1935,45.4
1/1/1936,45.6
2/1/1936,44.3
3/1/1936,44.4
4/1/1936,44.8
5/1/1936,45.2
6/1/1936,45.3
7/1/1936,45.4
8/1/1936,45.6
9/1/1936,45.3
10/1/1936,45.7
11/1/1936,45.8
12/1/1936,45.9
1/1/1937,44.5
2/1/1937,45.2
3/1/1937,45.5
4/1/1937,45.1
5/1/1937,44.8
6/1/1937,44.8
7/1/1937,44.8
8/1/1937,44.6
9/1/1937,44.7
10/1/1937,44.8
11/1/1937,45.2
12/1/1937,45.2
1/1/1938,46.7
2/1/1938,47
3/1/1938,46.9
4/1/1938,47.1
5/1/1938,47.2
6/1/1938,47.3
7/1/1938,47.5
8/1/1938,47.5
9/1/1938,47.8
10/1/1938,47.7
11/1/1938,47.2
12/1/1938,47.1
1/1/1939,47.3
2/1/1939,47.1
3/1/1939,47.1
4/1/1939,47.3
5/1/1939,47.3
6/1/1939,46.9
7/1/1939,46.7
8/1/1939,47.1
9/1/1939,46.7
10/1/1939,46.7
11/1/1939,47.1
12/1/1939,47.5
1/1/1940,47.3
2/1/1940,47.8
3/1/1940,48.1
4/1/1940,48.1
5/1/1940,48.2
6/1/1940,48.7
7/1/1940,48.7
8/1/1940,48.6
9/1/1940,48.8
10/1/1940,49
11/1/1940,48.4
12/1/1940,48.1
1/1/1941,48.2
2/1/1941,48.3
3/1/1941,48.5
4/1/1941,48.6
5/1/1941,48.3
6/1/1941,48
7/1/1941,48.3
8/1/1941,48.2
9/1/1941,47.6
10/1/1941,47.4
11/1/1941,47.9
12/1/1941,47.9
1/1/1942,47.4
2/1/1942,47.1
3/1/1942,46.6
4/1/1942,46.5
5/1/1942,46.4
6/1/1942,46.2
7/1/1942,46
8/1/1942,46.3
9/1/1942,46.7
10/1/1942,46.9
11/1/1942,46.5
12/1/1942,46.4
1/1/1943,46.1
2/1/1943,46.1
3/1/1943,45.9
4/1/1943,45.9
5/1/1943,45.8
6/1/1943,45.7
7/1/1943,45.6
8/1/1943,45.2
9/1/1943,45.3
10/1/1943,45.2
11/1/1943,45.5
12/1/1943,45.4
1/1/1944,45.9
2/1/1944,45.8
3/1/1944,45.9
4/1/1944,45.8
5/1/1944,46.1
6/1/1944,46.3
7/1/1944,46.4
8/1/1944,46.4
9/1/1944,46.4
10/1/1944,46.8
11/1/1944,46.7
12/1/1944,46.5
1/1/1945,46.8
2/1/1945,47
3/1/1945,47
4/1/1945,46.8
5/1/1945,46.9
6/1/1945,46.7
7/1/1945,46.8
8/1/1945,46.9
9/1/1945,46.6
10/1/1945,46.3
11/1/1945,46.2
12/1/1945,46.3
1/1/1946,46.2
2/1/1946,46.1
3/1/1946,46.2
4/1/1946,46.4
5/1/1946,46.5
6/1/1946,46.5
7/1/1946,46.4
8/1/1946,46.3
9/1/1946,46.4
10/1/1946,45.9
11/1/1946,45.8
12/1/1946,45.9
1/1/1947,45.5
2/1/1947,45.7
3/1/1947,45.9
4/1/1947,46.1
5/1/1947,46.2
6/1/1947,46.3
7/1/1947,46.3
8/1/1947,46.1
9/1/1947,46.2
10/1/1947,46.6
11/1/1947,46.9
12/1/1947,47
1/1/1948,47.2
2/1/1948,46.8
3/1/1948,46.3
4/1/1948,45.8
5/1/1948,45.3
6/1/1948,45.7
7/1/1948,45.5
8/1/1948,45.5
9/1/1948,45.3
10/1/1948,45.1
11/1/1948,45
12/1/1948,44.3
1/1/1949,43.1
2/1/1949,42.9
3/1/1949,43.1
4/1/1949,43.5
5/1/1949,43.9
6/1/1949,43.5
7/1/1949,43.6
8/1/1949,43.8
9/1/1949,44
10/1/1949,43.9
11/1/1949,44.4
12/1/1949,44.9
1/1/1950,44.7
2/1/1950,45
3/1/1950,44.8
4/1/1950,44.4
5/1/1950,43.9
6/1/1950,44
7/1/1950,44.1
8/1/1950,44.3
9/1/1950,44.2
10/1/1950,44.4
11/1/1950,43.9
12/1/1950,44.3
1/1/1951,45.7
2/1/1951,45.8
3/1/1951,45.6
4/1/1951,46
5/1/1951,46.2
6/1/1951,46.3
7/1/1951,46.3
8/1/1951,46.2
9/1/1951,46.2
10/1/1951,46.2
11/1/1951,46.2
12/1/1951,45.4
1/1/1952,45
2/1/1952,45
3/1/1952,45.3
4/1/1952,45.3
5/1/1952,45.4
6/1/1952,45.2
7/1/1952,45.2
8/1/1952,45.2
9/1/1952,45.4
10/1/1952,45.8
11/1/1952,45.6
12/1/1952,46.1
1/1/1953,47.2
2/1/1953,47.5
3/1/1953,47.7
4/1/1953,47.5
5/1/1953,47.3
6/1/1953,47.1
7/1/1953,47
8/1/1953,47
9/1/1953,46.8
10/1/1953,46.6
11/1/1953,47.2
12/1/1953,47.4
1/1/1954,46.5
2/1/1954,46.4
3/1/1954,46.1
4/1/1954,46
5/1/1954,46.2
6/1/1954,46.2
7/1/1954,46
8/1/1954,45.7
9/1/1954,45.6
10/1/1954,45.2
11/1/1954,45.4
12/1/1954,45.1
1/1/1955,45.3
2/1/1955,44.9
3/1/1955,44.7
4/1/1955,44.5
5/1/1955,44.1
6/1/1955,44.4
7/1/1955,44.4
8/1/1955,44.6
9/1/1955,44.6
10/1/1955,44.7
11/1/1955,43.7
12/1/1955,43.4
1/1/1956,43.3
2/1/1956,42.9
3/1/1956,43.1
4/1/1956,43.7
5/1/1956,44.3
6/1/1956,44.1
7/1/1956,44.5
8/1/1956,44.6
9/1/1956,44.7
10/1/1956,44.6
11/1/1956,44.9
12/1/1956,45.3
1/1/1957,44.4
2/1/1957,44.8
3/1/1957,45.1
4/1/1957,45
5/1/1957,45.1
6/1/1957,45.3
7/1/1957,45
8/1/1957,44.8
9/1/1957,45.1
10/1/1957,45.1
11/1/1957,45.3
12/1/1957,45.5
1/1/1958,46.8
2/1/1958,47.7
3/1/1958,47.7
4/1/1958,47.6
5/1/1958,47.8
6/1/1958,48.1
7/1/1958,48.7
8/1/1958,49.2
9/1/1958,48.9
10/1/1958,49.2
11/1/1958,49.1
12/1/1958,49
1/1/1959,48.7
2/1/1959,48
3/1/1959,48
4/1/1959,48.1
5/1/1959,47.4
6/1/1959,47
7/1/1959,46.7
8/1/1959,46.1
9/1/1959,46
10/1/1959,45.8
11/1/1959,45.7
12/1/1959,45.5
1/1/1960,45.1
2/1/1960,45.2
3/1/1960,45.1
4/1/1960,45.1
5/1/1960,45.1
6/1/1960,45.1
7/1/1960,45.3
8/1/1960,45.3
9/1/1960,45.5
10/1/1960,45.6
11/1/1960,45.8
12/1/1960,45.7
1/1/1961,46.3
2/1/1961,46.7
3/1/1961,46.8
4/1/1961,46.7
5/1/1961,46.9
6/1/1961,47.3
7/1/1961,47.2
8/1/1961,47.8
9/1/1961,47.5
10/1/1961,47.3
11/1/1961,46.9
12/1/1961,47
1/1/1962,46.6
2/1/1962,46.3
3/1/1962,46
4/1/1962,46.2
5/1/1962,46
6/1/1962,45.5
7/1/1962,45.2
8/1/1962,44.7
9/1/1962,45
10/1/1962,45.2
11/1/1962,45.8
12/1/1962,46.2
1/1/1963,45.9
2/1/1963,46.2
3/1/1963,46.5
4/1/1963,46.2
5/1/1963,46.5
6/1/1963,46.6
7/1/1963,46.4
8/1/1963,46.6
9/1/1963,46.9
10/1/1963,47.1
11/1/1963,47
12/1/1963,46.7
1/1/1964,47.3
2/1/1964,46.9
3/1/1964,46.7
4/1/1964,46.6
5/1/1964,46.4
6/1/1964,46.3
7/1/1964,46.4
8/1/1964,46.1
9/1/1964,45.5
10/1/1964,45.3
11/1/1964,45.1
12/1/1964,44.8
1/1/1965,44.6
2/1/1965,44.7
3/1/1965,44.8
4/1/1965,45.1
5/1/1965,45.1
6/1/1965,45.2
7/1/1965,45.4
8/1/1965,45.7
9/1/1965,45.7
10/1/1965,45.9
11/1/1965,46.4
12/1/1965,46.7
1/1/1966,46.7
2/1/1966,46.7
3/1/1966,46.8
4/1/1966,46.7
5/1/1966,47
6/1/1966,46.8
7/1/1966,46.6
8/1/1966,46.5
9/1/1966,47
10/1/1966,46.7
11/1/1966,46.6
12/1/1966,46.9
1/1/1967,47.3
2/1/1967,47.6
3/1/1967,47.4
4/1/1967,47.1
5/1/1967,46.9
6/1/1967,47.4
7/1/1967,47.6
8/1/1967,48.1
9/1/1967,48.2
10/1/1967,48.3
11/1/1967,48.3
12/1/1967,47.8
1/1/1968,47.5
2/1/1968,47.5
3/1/1968,47.9
4/1/1968,48.1
5/1/1968,48.1
6/1/1968,47.8
7/1/1968,47.9
8/1/1968,47.3
9/1/1968,46.9
10/1/1968,46.6
11/1/1968,46.6
12/1/1968,46.3
1/1/1969,45.4
2/1/1969,44.7
3/1/1969,44.5
4/1/1969,44.6
5/1/1969,44.9
6/1/1969,45.3
7/1/1969,45
8/1/1969,45
9/1/1969,45
10/1/1969,45
11/1/1969,45.1
12/1/1969,45.5
1/1/1970,46.3
2/1/1970,46.9
3/1/1970,46.9
4/1/1970,46.6
5/1/1970,46.4
6/1/1970,46.3
7/1/1970,46.5
8/1/1970,46.8
9/1/1970,46.4
10/1/1970,46.4
11/1/1970,46.3
12/1/1970,46
1/1/1971,46.1
2/1/1971,45.9
3/1/1971,45.6
4/1/1971,45.7
5/1/1971,45.9
6/1/1971,45.2
7/1/1971,45.2
8/1/1971,45.5
9/1/1971,45.5
10/1/1971,45.4
11/1/1971,45.5
12/1/1971,45.4
1/1/1972,45
2/1/1972,44.8
3/1/1972,45.3
4/1/1972,45.1
5/1/1972,45.2
6/1/1972,45.5
7/1/1972,45.4
8/1/1972,45.2
9/1/1972,45.2
10/1/1972,45.2
11/1/1972,45.3
12/1/1972,45.3
1/1/1973,45.4
2/1/1973,45.6
3/1/1973,45.6
4/1/1973,46
5/1/1973,45.9
6/1/1973,45.9
7/1/1973,46
8/1/1973,45.8
9/1/1973,46.1
10/1/1973,46.2
11/1/1973,45.9
12/1/1973,46.5
1/1/1974,46.4
2/1/1974,46.5
3/1/1974,46.4
4/1/1974,46.3
5/1/1974,46
6/1/1974,46.1
7/1/1974,46
8/1/1974,46.1
9/1/1974,46.3
10/1/1974,46.4
11/1/1974,46.8
12/1/1974,46.7
1/1/1975,46.9
2/1/1975,46.4
3/1/1975,46.2
4/1/1975,45.9
5/1/1975,46.1
6/1/1975,45.8
7/1/1975,46.1
8/1/1975,45.8
9/1/1975,45.7
10/1/1975,45.6
11/1/1975,45.3
12/1/1975,45.2
1/1/1976,45.5
2/1/1976,45.8
3/1/1976,45.7
4/1/1976,46
5/1/1976,46
6/1/1976,45.9
7/1/1976,45.6
8/1/1976,45.6
9/1/1976,45.7
10/1/1976,45.8
11/1/1976,46
12/1/1976,45.9
1/1/1977,45.4
2/1/1977,45.7
3/1/1977,45.9
4/1/1977,46.3
5/1/1977,46.1
6/1/1977,46.6
7/1/1977,46.6
8/1/1977,47.1
9/1/1977,46.7
10/1/1977,46.6
11/1/1977,46.3
12/1/1977,46.2
1/1/1978,46.7
2/1/1978,46.6
3/1/1978,46.8
4/1/1978,46.6
5/1/1978,46.7
6/1/1978,46.6
7/1/1978,46.8
8/1/1978,46.4
9/1/1978,46.5
10/1/1978,46.6
11/1/1978,46.4
12/1/1978,45.9
1/1/1979,44.9
2/1/1979,44.5
3/1/1979,44.4
4/1/1979,44.4
5/1/1979,44.7
6/1/1979,44.6
7/1/1979,44.6
8/1/1979,44.8
9/1/1979,45.2
10/1/1979,45.4
11/1/1979,45.6
12/1/1979,46.4
1/1/1980,46.8
2/1/1980,47
3/1/1980,46.8
4/1/1980,47.1
5/1/1980,47
6/1/1980,46.7
7/1/1980,46.5
8/1/1980,46.2
9/1/1980,45.9
10/1/1980,45.8
11/1/1980,46.1
12/1/1980,46.1
1/1/1981,47.1
2/1/1981,47.2
3/1/1981,47.6
4/1/1981,47.3
5/1/1981,47.2
6/1/1981,47.2
7/1/1981,47.1
8/1/1981,47.6
9/1/1981,47.7
10/1/1981,47.5
11/1/1981,47.6
12/1/1981,47.3
1/1/1982,46.6
2/1/1982,46.4
3/1/1982,46.1
4/1/1982,45.9
5/1/1982,45.8
6/1/1982,46.4
7/1/1982,46.4
8/1/1982,46.1
9/1/1982,46
10/1/1982,46.1
11/1/1982,45.6
12/1/1982,45.5
1/1/1983,46.1
2/1/1983,46.5
3/1/1983,46.9
4/1/1983,47.2
5/1/1983,47.4
6/1/1983,47.1
7/1/1983,47
8/1/1983,47.1
9/1/1983,46.8
10/1/1983,46.8
11/1/1983,47.3
12/1/1983,46.7
1/1/1984,46.4
2/1/1984,46.2
3/1/1984,46.2
4/1/1984,46
5/1/1984,45.5
6/1/1984,45.4
7/1/1984,45.7
8/1/1984,45.6
9/1/1984,45.7
10/1/1984,45.5
11/1/1984,45.2
12/1/1984,45.3
1/1/1985,44.9
2/1/1985,44.3
3/1/1985,43.9
4/1/1985,44.1
5/1/1985,44.5
6/1/1985,44.7
7/1/1985,45.1
8/1/1985,44.9
9/1/1985,44.8
10/1/1985,44.9
11/1/1985,44
12/1/1985,43.9
1/1/1986,44.5
2/1/1986,44.9
3/1/1986,45.4
4/1/1986,45.2
5/1/1986,45.2
6/1/1986,45.5
7/1/1986,44.8
8/1/1986,45.2
9/1/1986,45.3
10/1/1986,45.7
11/1/1986,46.7
12/1/1986,47.3
1/1/1987,47
2/1/1987,47.3
3/1/1987,47.2
4/1/1987,47.6
5/1/1987,47.8
6/1/1987,47.7
7/1/1987,47.9
8/1/1987,47.6
9/1/1987,48.1
10/1/1987,48.1
11/1/1987,48.4
12/1/1987,48.3
1/1/1988,48.2
2/1/1988,48.1
3/1/1988,48
4/1/1988,47.8
5/1/1988,47.6
6/1/1988,47.3
7/1/1988,47.4
8/1/1988,47.4
9/1/1988,47.1
10/1/1988,47.3
11/1/1988,47.2
12/1/1988,47.3
1/1/1989,47.5
2/1/1989,46.6
3/1/1989,46.4
4/1/1989,46.5
5/1/1989,46.5
6/1/1989,46.8
7/1/1989,46.7
8/1/1989,46.6
9/1/1989,46.7
10/1/1989,46.3
11/1/1989,46.4
12/1/1989,46.6
1/1/1990,46.8
2/1/1990,47.3
3/1/1990,47.7
4/1/1990,47.7
5/1/1990,47.6
6/1/1990,47.4
7/1/1990,47.7
8/1/1990,48
9/1/1990,48.3
10/1/1990,48.1
11/1/1990,48.1
12/1/1990,47.3
1/1/1991,46.8
2/1/1991,47.5
3/1/1991,47.2
4/1/1991,46.9
5/1/1991,46.8
6/1/1991,46.6
7/1/1991,46.4
8/1/1991,46.4
9/1/1991,46.2
10/1/1991,46.4
11/1/1991,46.3
12/1/1991,47.1
1/1/1992,47.6
2/1/1992,47.6
3/1/1992,48.2
4/1/1992,48.5
5/1/1992,48.9
6/1/1992,49.7
7/1/1992,49.6
8/1/1992,49.6
9/1/1992,49.2
10/1/1992,49.3
11/1/1992,49.2
12/1/1992,48.6
1/1/1993,47.8
2/1/1993,47
3/1/1993,46.5
4/1/1993,46.2
5/1/1993,46.3
6/1/1993,45.8
7/1/1993,45.3
8/1/1993,45.1
9/1/1993,45.4
10/1/1993,45.5
11/1/1993,45.1
12/1/1993,45.6
1/1/1994,46.6
2/1/1994,46.8
3/1/1994,47
4/1/1994,47.3
5/1/1994,47.1
6/1/1994,47.1
7/1/1994,47.8
8/1/1994,48
9/1/1994,48.2
10/1/1994,47.9
11/1/1994,48
12/1/1994,47.9
1/1/1995,47.6
2/1/1995,48.1
3/1/1995,47.9
4/1/1995,47.6
5/1/1995,47.6
6/1/1995,47.7
7/1/1995,47.5
8/1/1995,47.1
9/1/1995,47
10/1/1995,46.9
11/1/1995,47.5
12/1/1995,47.5
1/1/1996,47.2
2/1/1996,46.8
3/1/1996,46.7
4/1/1996,46.8
5/1/1996,46.3
6/1/1996,46.2
7/1/1996,46.4
8/1/1996,46.8
9/1/1996,46.3
10/1/1996,46.3
11/1/1996,45.9
12/1/1996,45.6
1/1/1997,45.7
2/1/1997,45.9
3/1/1997,45.9
4/1/1997,45.7
5/1/1997,46.2
6/1/1997,46.2
7/1/1997,45.9
8/1/1997,46
9/1/1997,46.4
10/1/1997,46.4
11/1/1997,46.8
12/1/1997,47.1
1/1/1998,47.2
2/1/1998,47.6
3/1/1998,47.7
4/1/1998,47.9
5/1/1998,47.8
6/1/1998,48
7/1/1998,48.5
8/1/1998,48.5
9/1/1998,48.7
10/1/1998,48.8
11/1/1998,48.8
12/1/1998,48.6
1/1/1999,48.8
2/1/1999,48.6
3/1/1999,48.4
4/1/1999,48.2
5/1/1999,47.8
6/1/1999,47.6
7/1/1999,47
8/1/1999,46.9
9/1/1999,46.5
10/1/1999,46.4
11/1/1999,46.6
12/1/1999,46.9
1/1/2000,46.6
2/1/2000,46.6
3/1/2000,46.7
4/1/2000,47
5/1/2000,47.2
6/1/2000,47.4
7/1/2000,47.6
8/1/2000,47.4
9/1/2000,47.3
10/1/2000,47.3
11/1/2000,46.6
12/1/2000,46.2
1/1/2001,46.3
2/1/2001,46
3/1/2001,46.1
4/1/2001,45.8
5/1/2001,45.9
6/1/2001,45.7
7/1/2001,45.7
8/1/2001,45.9
9/1/2001,46.2
10/1/2001,46.1
11/1/2001,46.7
12/1/2001,46.9
1/1/2002,47
2/1/2002,47.2
3/1/2002,46.8
4/1/2002,46.9
5/1/2002,46.6
6/1/2002,46.9
7/1/2002,47.2
8/1/2002,47
9/1/2002,46.8
10/1/2002,46.7
11/1/2002,46.7
12/1/2002,46.9
1/1/2003,47.2
2/1/2003,47.3
3/1/2003,47.7
4/1/2003,47.7
5/1/2003,47.9
6/1/2003,48
7/1/2003,48.1
8/1/2003,48.3
9/1/2003,48.5
10/1/2003,48.9
11/1/2003,48.4
12/1/2003,48.2
1/1/2004,47.7
2/1/2004,47.6
3/1/2004,47.8
4/1/2004,48.1
5/1/2004,48.2
6/1/2004,48.2
7/1/2004,48.2
8/1/2004,48.3
9/1/2004,47.9
10/1/2004,47.8
11/1/2004,48.2
12/1/2004,48.4
1/1/2005,48.5
2/1/2005,48.6
3/1/2005,48.6
4/1/2005,48.4
5/1/2005,48.6
6/1/2005,48.3
7/1/2005,48.1
8/1/2005,48
9/1/2005,48
10/1/2005,48
11/1/2005,47.8
12/1/2005,47.3
1/1/2006,47.7
2/1/2006,47.5
3/1/2006,47.1
4/1/2006,47.1
5/1/2006,46.9
6/1/2006,47.2
7/1/2006,47.4
8/1/2006,47.2
9/1/2006,47.5
10/1/2006,47.4
11/1/2006,47.4
12/1/2006,47.5
1/1/2007,46.9
2/1/2007,47.1
3/1/2007,47.4
4/1/2007,47.3
5/1/2007,47.3
6/1/2007,47.1
7/1/2007,47.1
8/1/2007,47.1
9/1/2007,46.9
10/1/2007,46.8
11/1/2007,46.8
12/1/2007,46.8
1/1/2008,46.7
2/1/2008,46.7
3/1/2008,46.3
4/1/2008,46
5/1/2008,46
6/1/2008,45.9
7/1/2008,45.6
8/1/2008,45.6
9/1/2008,45.7
10/1/2008,45.8
11/1/2008,46.1
12/1/2008,45.8
1/1/2009,46
2/1/2009,45.8
3/1/2009,45.7
4/1/2009,45.9
5/1/2009,45.9
6/1/2009,46.2
7/1/2009,46.4
8/1/2009,46.5
9/1/2009,46.7
10/1/2009,46.5
11/1/2009,46.3
12/1/2009,46.4
1/1/2010,46.9
2/1/2010,47.3
3/1/2010,47.8
4/1/2010,47.8
5/1/2010,47.5
6/1/2010,47.2
7/1/2010,46.9
8/1/2010,46.8
9/1/2010,46.5
10/1/2010,46.9
11/1/2010,46.6
12/1/2010,47.1
1/1/2011,46.7
2/1/2011,46.1
3/1/2011,45.9
4/1/2011,45.5
5/1/2011,45.5
6/1/2011,45.5
7/1/2011,45.2
8/1/2011,45.4
9/1/2011,45.7
10/1/2011,45.6
11/1/2011,45.6
12/1/2011,45.5
1/1/2012,45.4
2/1/2012,45.7
3/1/2012,45.6
4/1/2012,46.1
5/1/2012,46.3
6/1/2012,46.3
7/1/2012,46.6
8/1/2012,46.7
9/1/2012,46.6
10/1/2012,46.6
11/1/2012,46.9
12/1/2012,47.1
1/1/2013,46.9
2/1/2013,47
3/1/2013,47.2
4/1/2013,47.1
5/1/2013,47.3
6/1/2013,47.6
7/1/2013,47.8
8/1/2013,47.8
9/1/2013,47.8
10/1/2013,47.7
11/1/2013,47.5
12/1/2013,47.2
1/1/2014,47.6
2/1/2014,47.1
3/1/2014,47.1
4/1/2014,47.2
5/1/2014,47.2
6/1/2014,47.2
7/1/2014,47.3
8/1/2014,47.4
9/1/2014,47.4
10/1/2014,47.9
11/1/2014,47.9
12/1/2014,48.4
1/1/2015,48.5
2/1/2015,49.4
3/1/2015,49.8
4/1/2015,49.8
5/1/2015,49.9
6/1/2015,50.5
7/1/2015,50.5
8/1/2015,50.4
9/1/2015,50.1
10/1/2015,50.2
11/1/2015,50.2
12/1/2015,50
1/1/2016,49.8
2/1/2016,49.7
3/1/2016,49.4
4/1/2016,49.9
5/1/2016,49.8
6/1/2016,49.4
7/1/2016,49
8/1/2016,48.9
9/1/2016,48.9
10/1/2016,48.5
11/1/2016,49.1
12/1/2016,48.6
1/1/2017,47.9
2/1/2017,47.2
3/1/2017,47
4/1/2017,46.4
5/1/2017,46.3
6/1/2017,46.2
7/1/2017,46.5
8/1/2017,46.8
9/1/2017,47
10/1/2017,46.9
11/1/2017,46.5
12/1/2017,46.8
1/1/2018,47.7
2/1/2018,47.8
3/1/2018,47.8
4/1/2018,47.9
5/1/2018,48.2
6/1/2018,48.1
7/1/2018,48.1
8/1/2018,47.9
9/1/2018,47.6
10/1/2018,47.7
11/1/2018,47.8
12/1/2018,48.1
1/1/2019,48
2/1/2019,47.4
3/1/2019,47.1
4/1/2019,47.2
5/1/2019,47.1
6/1/2019,47.2
7/1/2019,46.9
8/1/2019,46.9
9/1/2019,47
10/1/2019,46.6
11/1/2019,46.5
12/1/2019,46.5
1/1/2020,46.5
2/1/2020,47.4
3/1/2020,47.6
4/1/2020,47.5
5/1/2020,47.3
6/1/2020,47.2
7/1/2020,47.3
8/1/2020,47.2
9/1/2020,47.6
10/1/2020,48
11/1/2020,48
12/1/2020,48.1
1/1/2021,48.1
2/1/2021,47.7
3/1/2021,47.9
4/1/2021,47.9
5/1/2021,47.9
6/1/2021,48.4
7/1/2021,48.8
8/1/2021,48.8
9/1/2021,48.6
10/1/2021,48.4
11/1/2021,48.6
12/1/2021,48.3
1/1/2022,48
2/1/2022,48.2
3/1/2022,48.3
4/1/2022,47.8
5/1/2022,47.5
6/1/2022,46.9
7/1/2022,46.8
8/1/2022,47.1
9/1/2022,47.4
10/1/2022,48
11/1/2022,47.4
12/1/2022,47.1
1/1/2023,47.3
2/1/2023,47.2
3/1/2023,46.8
4/1/2023,46.9
5/1/2023,47.8
6/1/2023,48
7/1/2023,47.9
8/1/2023,47.8
9/1/2023,47.5
10/1/2023,47.1
11/1/2023,47.5
12/1/2023,48.4
1/1/2024,48.1
2/1/2024,48.5
3/1/2024,48.8
4/1/2024,49
5/1/2024,48.4
6/1/2024,48.2
7/1/2024,48.3
8/1/2024,48.2
9/1/2024,48.4
10/1/2024,48.4
11/1/2024,48.4
12/1/2024,48.3
1/1/2025,48.4
2/1/2025,47.9
3/1/2025,48
4/1/2025,48.1
5/1/2025,48.3
6/1/2025,48.6
7/1/2025,48.4
8/1/2025,48.7
9/1/2025,48.8
10/1/2025,48.7
11/1/2025,48.9
12/1/2025,49.1
1/1/2026,49.4
